[Licensing::Module] Trying to connect to existing licensing client channel...
[Licensing::IpcConnector] Successfully connected to: "LicenseClient-Shiro" at "2026-03-15T04:20:26.1948559Z"
Built from '6000.3/staging' branch; Version is '6000.3.9f1 (7a9955a4f2fa) revision 8034645'; Using compiler version '194234433'; Build Type 'Release'
OS: 'Windows 11  (10.0.26200) CoreSingleLanguage' Language: 'en' Physical Memory: 16171 MB
BatchMode: 1, IsHumanControllingUs: 0, StartBugReporterOnCrash: 0, Is64bit: 1
System  architecture: x64
Process architecture: x64
Date: 2026-03-15T04:20:26Z

COMMAND LINE ARGUMENTS:
C:\Program Files\Unity\Hub\Editor\6000.3.9f1\Editor\Unity.exe
-adb2
-batchMode
-noUpm
-name
AssetImportWorker0
-projectPath
F:/Unity/iat445/iat445
-logFile
Logs/AssetImportWorker0.log
-srvPort
55899
-licensingIpc
LicenseClient-Shiro
-job-worker-count
3
-background-job-worker-count
8
-gc-helper-count
1
-name
AssetImport
Successfully changed project path to: F:/Unity/iat445/iat445
F:/Unity/iat445/iat445
[UnityMemory] Configuration Parameters - Can be set up in boot.config
    "memorysetup-temp-allocator-size-nav-mesh-worker=65536"
    "memorysetup-temp-allocator-size-audio-worker=65536"
    "memorysetup-temp-allocator-size-gfx=262144"
    "memorysetup-allocator-temp-initial-block-size-main=262144"
    "memorysetup-allocator-temp-initial-block-size-worker=262144"
    "memorysetup-temp-allocator-size-background-worker=32768"
    "memorysetup-temp-allocator-size-job-worker=262144"
    "memorysetup-temp-allocator-size-preload-manager=33554432"
    "memorysetup-temp-allocator-size-gi-baking-worker=262144"
    "memorysetup-temp-allocator-size-gi-baking-worker=262144"
    "memorysetup-temp-allocator-size-gi-baking-worker=262144"
    "memorysetup-temp-allocator-size-gi-baking-worker=262144"
    "memorysetup-temp-allocator-size-gi-baking-worker=262144"
    "memorysetup-bucket-allocator-granularity=16"
    "memorysetup-bucket-allocator-bucket-count=8"
    "memorysetup-bucket-allocator-block-size=33554432"
    "memorysetup-bucket-allocator-block-count=8"
    "memorysetup-main-allocator-block-size=16777216"
    "memorysetup-thread-allocator-block-size=16777216"
    "memorysetup-gfx-main-allocator-block-size=16777216"
    "memorysetup-gfx-thread-allocator-block-size=16777216"
    "memorysetup-cache-allocator-block-size=4194304"
    "memorysetup-typetree-allocator-block-size=2097152"
    "memorysetup-profiler-bucket-allocator-granularity=16"
    "memorysetup-profiler-bucket-allocator-bucket-count=8"
    "memorysetup-profiler-bucket-allocator-block-size=33554432"
    "memorysetup-profiler-bucket-allocator-block-count=8"
    "memorysetup-profiler-allocator-block-size=16777216"
    "memorysetup-profiler-editor-allocator-block-size=1048576"
    "memorysetup-temp-allocator-size-main=16777216"
    "memorysetup-job-temp-allocator-block-size=2097152"
    "memorysetup-job-temp-allocator-block-size-background=1048576"
    "memorysetup-job-temp-allocator-reduction-small-platforms=262144"
    "memorysetup-temp-allocator-size-cloud-worker=32768"
Player connection [46764]  Target information:

Player connection [46764]  * "[IP] 192.168.1.68 [Port] 0 [Flags] 2 [Guid] 509625957 [EditorId] 509625957 [Version] 1048832 [Id] WindowsEditor(7,Shiro) [Debug] 1 [PackageName] WindowsEditor [ProjectName] Editor" 

Player connection [46764] Host joined multi-casting on [225.0.0.222:54997]...
Player connection [46764] Host joined alternative multi-casting on [225.0.0.222:34997]...
JobSystem: Creating JobQueue using job-worker-count value 3
Input System module state changed to: Initialized.
[Physics::Module] Initialized fallback backend.
[Physics::Module] Id: 0xdecafbad
Library Redirect Path: Library/
[Physics::Module] Selected backend.
[Physics::Module] Name: PhysX
[Physics::Module] Id: 0xf2b8ea05
[Physics::Module] SDK Version: 4.1.2
[Physics::Module] Integration Version: 1.0.0
[Physics::Module] Threading Mode: Multi-Threaded
Refreshing native plugins compatible for Editor in 1070.75 ms, found 8 plugins.
Preloading 0 native plugins for Editor in 0.00 ms.
Initialize engine version: 6000.3.9f1 (7a9955a4f2fa)
[Subsystems] Discovering subsystems at path C:/Program Files/Unity/Hub/Editor/6000.3.9f1/Editor/Data/Resources/UnitySubsystems
[Subsystems] Discovering subsystems at path F:/Unity/iat445/iat445/Assets
GfxDevice: creating device client; kGfxThreadingModeNonThreaded
Direct3D:
    Version:  Direct3D 11.0 [level 11.1]
    Renderer: NVIDIA GeForce GTX 1650 Ti (ID=0x1f95)
    Vendor:   NVIDIA
    VRAM:     3935 MB
    Driver:   32.0.15.9174
Shader 'Universal Render Pipeline/Nature/SpeedTree7': fallback shader 'Hidden/Universal Render Pipeline/FallbackError' not found
Shader 'Universal Render Pipeline/Nature/SpeedTree7': dependency 'BillboardShader' shader 'Universal Render Pipeline/Nature/SpeedTree7 Billboard' not found
Shader 'Hidden/Universal Render Pipeline/StencilDeferred': fallback shader 'Hidden/Universal Render Pipeline/FallbackError' not found
Shader 'Hidden/Universal Render Pipeline/ClusterDeferred': fallback shader 'Hidden/Universal Render Pipeline/FallbackError' not found
Shader 'Hidden/Universal Render Pipeline/FallbackError': fallback shader 'Hidden/Core/FallbackError' not found
Shader 'Universal Render Pipeline/Lit': fallback shader 'Hidden/Universal Render Pipeline/FallbackError' not found
Shader 'Universal Render Pipeline/Particles/Unlit': fallback shader 'Hidden/Universal Render Pipeline/FallbackError' not found
Shader 'Universal Render Pipeline/Simple Lit': fallback shader 'Hidden/Universal Render Pipeline/FallbackError' not found
Shader 'TextMeshPro/Distance Field Overlay': fallback shader 'TextMeshPro/Mobile/Distance Field' not found
Shader 'Universal Render Pipeline/VR/SpatialMapping/Occlusion': fallback shader 'Hidden/Universal Render Pipeline/FallbackError' not found
Shader 'Universal Render Pipeline/VR/SpatialMapping/Wireframe': fallback shader 'Hidden/Universal Render Pipeline/FallbackError' not found
Shader 'Universal Render Pipeline/Unlit': fallback shader 'Hidden/Universal Render Pipeline/FallbackError' not found
Shader 'TextMeshPro/Distance Field': fallback shader 'TextMeshPro/Mobile/Distance Field' not found
Shader 'Shader Graphs/ArnoldStandardSurface': fallback shader 'Hidden/Shader Graph/FallbackError' not found
Shader 'Universal Render Pipeline/Particles/Simple Lit': fallback shader 'Universal Render Pipeline/Particles/Unlit' not found
Shader 'Universal Render Pipeline/Particles/Lit': fallback shader 'Universal Render Pipeline/Particles/Simple Lit' not found
Shader 'Universal Render Pipeline/Nature/SpeedTree8': fallback shader 'Hidden/Universal Render Pipeline/FallbackError' not found
Shader 'Hidden/Universal Render Pipeline/Terrain/Lit (Add Pass)': fallback shader 'Hidden/Universal Render Pipeline/FallbackError' not found
Shader 'Universal Render Pipeline/Baked Lit': fallback shader 'Universal Render Pipeline/Unlit' not found
Shader 'TextMeshPro/Distance Field SSD': fallback shader 'TextMeshPro/Mobile/Distance Field' not found
Shader 'Universal Render Pipeline/Nature/SpeedTree7 Billboard': fallback shader 'Hidden/Universal Render Pipeline/FallbackError' not found
Shader 'Universal Render Pipeline/Complex Lit': fallback shader 'Hidden/Universal Render Pipeline/FallbackError' not found
Initialize mono
Mono path[0] = 'C:/Program Files/Unity/Hub/Editor/6000.3.9f1/Editor/Data/Managed'
Mono path[1] = 'C:/Program Files/Unity/Hub/Editor/6000.3.9f1/Editor/Data/MonoBleedingEdge/lib/mono/unityjit-win32'
Mono config path = 'C:/Program Files/Unity/Hub/Editor/6000.3.9f1/Editor/Data/MonoBleedingEdge/etc'
Using monoOptions --debugger-agent=transport=dt_socket,embedding=1,server=y,suspend=n,address=127.0.0.1:56172
Begin MonoManager ReloadAssembly
[Licensing::Client] Handshaking with LicensingClient:
  Version:                 1.17.4+4293ba1
  Session Id:              53c1bdfd4fa340d89b451defdb80d13a
  Correlation Id:          2cc775fc258f6406c566cb3e6aa0ce64
  External correlation Id: 6034592953475329216
  Machine Id:              n4nzmS/RRhpfUkuB4P3ahyy7hgs=
[Licensing::Module] Successfully connected to LicensingClient on channel: "LicenseClient-Shiro" (connect: 0.00s, validation: 0.00s, handshake: 2.46s)
[Licensing::IpcConnector] Successfully connected to: "LicenseClient-Shiro-notifications" at "2026-03-15T04:20:28.6628311Z"
[Licensing::Module] Licensing Background thread has ended after 2.47s
Registering precompiled unity dll's ...
Register platform support module: C:/Program Files/Unity/Hub/Editor/6000.3.9f1/Editor/Data/PlaybackEngines/WindowsStandaloneSupport/UnityEditor.WindowsStandalone.Extensions.dll
[Licensing::Client] Successfully resolved entitlement details
[Licensing::Module] License group:
  Id: 18968356356170-phuongdangjapan123-UnityProStuXXXX
  Product: Unity Student
  Type: Assigned
  Expiration: 2026-12-13T00:22:22Z
Register platform support module: C:/Program Files/Unity/Hub/Editor/6000.3.9f1/Editor/Data/PlaybackEngines/AndroidPlayer/UnityEditor.Android.Extensions.dll
Registered in 0.009030 seconds.
- Loaded All Assemblies, in  0.761 seconds
Native extension for Android target not found
Android Extension - Scanning For ADB Devices 1481 ms
Native extension for WindowsStandalone target not found
ScheduleIndexationOnStartup MainProcess:False IndexOnStartup:True
Mono: successfully reloaded assembly
- Finished resetting the current domain, in  2.591 seconds
Domain Reload Profiling: 3348ms
	BeginReloadAssembly (268ms)
		ExecutionOrderSort (0ms)
		DisableScriptedObjects (0ms)
		BackupInstance (0ms)
		ReleaseScriptingObjects (0ms)
		CreateAndSetChildDomain (1ms)
	RebuildCommonClasses (64ms)
	RebuildNativeTypeToScriptingClass (20ms)
	initialDomainReloadingComplete (95ms)
	LoadAllAssembliesAndSetupDomain (308ms)
		LoadAssemblies (264ms)
		RebuildTransferFunctionScriptingTraits (0ms)
		AnalyzeDomain (302ms)
			TypeCache.Refresh (299ms)
				TypeCache.ScanAssembly (278ms)
			BuildScriptInfoCaches (0ms)
			ResolveRequiredComponents (1ms)
	FinalizeReload (2592ms)
		ReleaseScriptCaches (0ms)
		RebuildScriptCaches (0ms)
		SetupLoadedEditorAssemblies (2506ms)
			LogAssemblyErrors (0ms)
			InitializePlatformSupportModulesInManaged (1647ms)
			SetLoadedEditorAssemblies (8ms)
			BeforeProcessingInitializeOnLoad (170ms)
			ProcessInitializeOnLoadAttributes (544ms)
			ProcessInitializeOnLoadMethodAttributes (136ms)
			AfterProcessingInitializeOnLoad (0ms)
			EditorAssembliesLoaded (0ms)
		ExecutionOrderSort2 (0ms)
		AwakeInstancesAfterBackupRestoration (0ms)
========================================================================
Worker process is ready to serve import requests
Import Worker Mode flag is 0x00
Begin MonoManager ReloadAssembly
[Licensing::Client] Successfully resolved entitlement details
- Loaded All Assemblies, in  1.801 seconds
Refreshing native plugins compatible for Editor in 15.36 ms, found 8 plugins.
Native extension for Android target not found
Native extension for WindowsStandalone target not found
Package Manager log level set to [2]
[Package Manager] Failed to launch server process. Reason: Unity was launched with the -noUpm command-line argument
[Package Manager] Unable to send message (not connected to server process).
[Package Manager] Cannot connect to Unity Package Manager local server
ScheduleIndexationOnStartup MainProcess:False IndexOnStartup:True
Shader 'Universal Render Pipeline/Terrain/Lit': fallback shader 'Hidden/Universal Render Pipeline/FallbackError' not found
Shader 'Universal Render Pipeline/Terrain/Lit': dependency 'AddPassShader' shader 'Hidden/Universal Render Pipeline/Terrain/Lit (Add Pass)' not found
Shader 'Universal Render Pipeline/Terrain/Lit': dependency 'BaseMapShader' shader 'Hidden/Universal Render Pipeline/Terrain/Lit (Base Pass)' not found
Shader 'Universal Render Pipeline/Terrain/Lit': dependency 'BaseMapGenShader' shader 'Hidden/Universal Render Pipeline/Terrain/Lit (Basemap Gen)' not found
Mono: successfully reloaded assembly
[Package Manager] Failed to launch server process. Reason: Unity was launched with the -noUpm command-line argument
[Package Manager] Unable to send message (not connected to server process).
[Package Manager] Cannot connect to Unity Package Manager local server
[Package Manager] Failed to launch server process. Reason: Unity was launched with the -noUpm command-line argument
[Package Manager] Unable to send message (not connected to server process).
[Package Manager] Cannot connect to Unity Package Manager local server
- Finished resetting the current domain, in  2.284 seconds
Domain Reload Profiling: 4080ms
	BeginReloadAssembly (529ms)
		ExecutionOrderSort (0ms)
		DisableScriptedObjects (19ms)
		BackupInstance (0ms)
		ReleaseScriptingObjects (0ms)
		CreateAndSetChildDomain (72ms)
	RebuildCommonClasses (137ms)
	RebuildNativeTypeToScriptingClass (34ms)
	initialDomainReloadingComplete (72ms)
	LoadAllAssembliesAndSetupDomain (1024ms)
		LoadAssemblies (777ms)
		RebuildTransferFunctionScriptingTraits (0ms)
		AnalyzeDomain (569ms)
			TypeCache.Refresh (376ms)
				TypeCache.ScanAssembly (338ms)
			BuildScriptInfoCaches (157ms)
			ResolveRequiredComponents (30ms)
	FinalizeReload (2285ms)
		ReleaseScriptCaches (0ms)
		RebuildScriptCaches (0ms)
		SetupLoadedEditorAssemblies (1954ms)
			LogAssemblyErrors (0ms)
			InitializePlatformSupportModulesInManaged (19ms)
			SetLoadedEditorAssemblies (8ms)
			BeforeProcessingInitializeOnLoad (474ms)
			ProcessInitializeOnLoadAttributes (942ms)
			ProcessInitializeOnLoadMethodAttributes (502ms)
			AfterProcessingInitializeOnLoad (8ms)
			EditorAssembliesLoaded (0ms)
		ExecutionOrderSort2 (0ms)
		AwakeInstancesAfterBackupRestoration (10ms)
WARNING: Shader Unsupported: 'Hidden/Universal Render Pipeline/Terrain/Lit (Base Pass)' - All subshaders removed
WARNING: Shader Did you use #pragma only_renderers and omit this platform?
WARNING: Shader If subshaders removal was intentional, you may have forgotten turning Fallback off?
WARNING: Shader Unsupported: 'Hidden/Universal Render Pipeline/Terrain/Lit (Base Pass)' - All subshaders removed
WARNING: Shader Did you use #pragma only_renderers and omit this platform?
WARNING: Shader If subshaders removal was intentional, you may have forgotten turning Fallback off?
WARNING: Shader Unsupported: 'Hidden/Simulation/URP/Synthetic' - All subshaders removed
WARNING: Shader Did you use #pragma only_renderers and omit this platform?
WARNING: Shader If subshaders removal was intentional, you may have forgotten turning Fallback off?
WARNING: Shader Unsupported: 'Hidden/Simulation/URP/Synthetic' - All subshaders removed
WARNING: Shader Did you use #pragma only_renderers and omit this platform?
WARNING: Shader If subshaders removal was intentional, you may have forgotten turning Fallback off?
WARNING: Shader Unsupported: 'Hidden/Simulation/Synthetic Lit' - All subshaders removed
WARNING: Shader Did you use #pragma only_renderers and omit this platform?
WARNING: Shader If subshaders removal was intentional, you may have forgotten turning Fallback off?
WARNING: Shader Unsupported: 'Hidden/Simulation/Synthetic Lit' - All subshaders removed
WARNING: Shader Did you use #pragma only_renderers and omit this platform?
WARNING: Shader If subshaders removal was intentional, you may have forgotten turning Fallback off?
WARNING: Shader Unsupported: 'Simulation/Standard Lit' - All subshaders removed
WARNING: Shader Did you use #pragma only_renderers and omit this platform?
WARNING: Shader If subshaders removal was intentional, you may have forgotten turning Fallback off?
WARNING: Shader Unsupported: 'Simulation/Standard Lit' - All subshaders removed
WARNING: Shader Did you use #pragma only_renderers and omit this platform?
WARNING: Shader If subshaders removal was intentional, you may have forgotten turning Fallback off?
WARNING: Shader Unsupported: 'Simulation/URP/Room X-Ray' - All subshaders removed
WARNING: Shader Did you use #pragma only_renderers and omit this platform?
WARNING: Shader If subshaders removal was intentional, you may have forgotten turning Fallback off?
WARNING: Shader Unsupported: 'Simulation/URP/Room X-Ray' - All subshaders removed
WARNING: Shader Did you use #pragma only_renderers and omit this platform?
WARNING: Shader If subshaders removal was intentional, you may have forgotten turning Fallback off?
WARNING: Shader Unsupported: 'Simulation/Room X-Ray' - All subshaders removed
WARNING: Shader Did you use #pragma only_renderers and omit this platform?
WARNING: Shader If subshaders removal was intentional, you may have forgotten turning Fallback off?
WARNING: Shader Unsupported: 'Simulation/Room X-Ray' - All subshaders removed
WARNING: Shader Did you use #pragma only_renderers and omit this platform?
WARNING: Shader If subshaders removal was intentional, you may have forgotten turning Fallback off?
WARNING: Shader Unsupported: 'Simulation/URP/Lit' - All subshaders removed
WARNING: Shader Did you use #pragma only_renderers and omit this platform?
WARNING: Shader If subshaders removal was intentional, you may have forgotten turning Fallback off?
WARNING: Shader Unsupported: 'Simulation/URP/Lit' - All subshaders removed
WARNING: Shader Did you use #pragma only_renderers and omit this platform?
WARNING: Shader If subshaders removal was intentional, you may have forgotten turning Fallback off?
Launched and connected shader compiler UnityShaderCompiler.exe after 0.03 seconds
Refreshing native plugins compatible for Editor in 16.60 ms, found 8 plugins.
Preloading 0 native plugins for Editor in 0.00 ms.
Unloading 23 Unused Serialized files (Serialized files now loaded: 0)
Unloading 6276 unused Assets / (8.2 MB). Loaded Objects now: 7093.
Memory consumption went from 150.3 MB to 142.1 MB.
Total: 23.971300 ms (FindLiveObjects: 2.037900 ms CreateObjectMapping: 1.836700 ms MarkObjects: 13.312700 ms  DeleteObjects: 6.782100 ms)

========================================================================
Received Prepare
Begin MonoManager ReloadAssembly
- Loaded All Assemblies, in  1.797 seconds
Refreshing native plugins compatible for Editor in 11.21 ms, found 8 plugins.
Native extension for Android target not found
Native extension for WindowsStandalone target not found
[Package Manager] Failed to launch server process. Reason: Unity was launched with the -noUpm command-line argument
[Package Manager] Unable to send message (not connected to server process).
[Package Manager] Cannot connect to Unity Package Manager local server
ScheduleIndexationOnStartup MainProcess:False IndexOnStartup:True
Mono: successfully reloaded assembly
[Package Manager] Failed to launch server process. Reason: Unity was launched with the -noUpm command-line argument
[Package Manager] Unable to send message (not connected to server process).
[Package Manager] Cannot connect to Unity Package Manager local server
- Finished resetting the current domain, in  2.143 seconds
Domain Reload Profiling: 3941ms
	BeginReloadAssembly (875ms)
		ExecutionOrderSort (0ms)
		DisableScriptedObjects (23ms)
		BackupInstance (0ms)
		ReleaseScriptingObjects (0ms)
		CreateAndSetChildDomain (193ms)
	RebuildCommonClasses (88ms)
	RebuildNativeTypeToScriptingClass (27ms)
	initialDomainReloadingComplete (44ms)
	LoadAllAssembliesAndSetupDomain (760ms)
		LoadAssemblies (760ms)
		RebuildTransferFunctionScriptingTraits (0ms)
		AnalyzeDomain (367ms)
			TypeCache.Refresh (13ms)
				TypeCache.ScanAssembly (0ms)
			BuildScriptInfoCaches (325ms)
			ResolveRequiredComponents (23ms)
	FinalizeReload (2147ms)
		ReleaseScriptCaches (0ms)
		RebuildScriptCaches (0ms)
		SetupLoadedEditorAssemblies (1690ms)
			LogAssemblyErrors (0ms)
			InitializePlatformSupportModulesInManaged (17ms)
			SetLoadedEditorAssemblies (8ms)
			BeforeProcessingInitializeOnLoad (388ms)
			ProcessInitializeOnLoadAttributes (775ms)
			ProcessInitializeOnLoadMethodAttributes (489ms)
			AfterProcessingInitializeOnLoad (12ms)
			EditorAssembliesLoaded (1ms)
		ExecutionOrderSort2 (0ms)
		AwakeInstancesAfterBackupRestoration (67ms)
WARNING: Shader Unsupported: 'Hidden/Simulation/URP/Synthetic' - All subshaders removed
WARNING: Shader Did you use #pragma only_renderers and omit this platform?
WARNING: Shader If subshaders removal was intentional, you may have forgotten turning Fallback off?
WARNING: Shader Unsupported: 'Hidden/Simulation/URP/Synthetic' - All subshaders removed
WARNING: Shader Did you use #pragma only_renderers and omit this platform?
WARNING: Shader If subshaders removal was intentional, you may have forgotten turning Fallback off?
WARNING: Shader Unsupported: 'Hidden/Simulation/Synthetic Lit' - All subshaders removed
WARNING: Shader Did you use #pragma only_renderers and omit this platform?
WARNING: Shader If subshaders removal was intentional, you may have forgotten turning Fallback off?
WARNING: Shader Unsupported: 'Hidden/Simulation/Synthetic Lit' - All subshaders removed
WARNING: Shader Did you use #pragma only_renderers and omit this platform?
WARNING: Shader If subshaders removal was intentional, you may have forgotten turning Fallback off?
WARNING: Shader Unsupported: 'Simulation/Standard Lit' - All subshaders removed
WARNING: Shader Did you use #pragma only_renderers and omit this platform?
WARNING: Shader If subshaders removal was intentional, you may have forgotten turning Fallback off?
WARNING: Shader Unsupported: 'Simulation/Standard Lit' - All subshaders removed
WARNING: Shader Did you use #pragma only_renderers and omit this platform?
WARNING: Shader If subshaders removal was intentional, you may have forgotten turning Fallback off?
WARNING: Shader Unsupported: 'Simulation/URP/Room X-Ray' - All subshaders removed
WARNING: Shader Did you use #pragma only_renderers and omit this platform?
WARNING: Shader If subshaders removal was intentional, you may have forgotten turning Fallback off?
WARNING: Shader Unsupported: 'Simulation/URP/Room X-Ray' - All subshaders removed
WARNING: Shader Did you use #pragma only_renderers and omit this platform?
WARNING: Shader If subshaders removal was intentional, you may have forgotten turning Fallback off?
WARNING: Shader Unsupported: 'Simulation/Room X-Ray' - All subshaders removed
WARNING: Shader Did you use #pragma only_renderers and omit this platform?
WARNING: Shader If subshaders removal was intentional, you may have forgotten turning Fallback off?
WARNING: Shader Unsupported: 'Simulation/Room X-Ray' - All subshaders removed
WARNING: Shader Did you use #pragma only_renderers and omit this platform?
WARNING: Shader If subshaders removal was intentional, you may have forgotten turning Fallback off?
WARNING: Shader Unsupported: 'Simulation/URP/Lit' - All subshaders removed
WARNING: Shader Did you use #pragma only_renderers and omit this platform?
WARNING: Shader If subshaders removal was intentional, you may have forgotten turning Fallback off?
WARNING: Shader Unsupported: 'Simulation/URP/Lit' - All subshaders removed
WARNING: Shader Did you use #pragma only_renderers and omit this platform?
WARNING: Shader If subshaders removal was intentional, you may have forgotten turning Fallback off?
Refreshing native plugins compatible for Editor in 20.64 ms, found 8 plugins.
Preloading 0 native plugins for Editor in 0.00 ms.
Unloading 22 Unused Serialized files (Serialized files now loaded: 0)
Unloading 6423 unused Assets / (9.1 MB). Loaded Objects now: 7108.
Memory consumption went from 181.8 MB to 172.7 MB.
Total: 26.318000 ms (FindLiveObjects: 1.630700 ms CreateObjectMapping: 2.758900 ms MarkObjects: 11.951100 ms  DeleteObjects: 9.975500 ms)

Prepare: number of updated asset objects reloaded= 0
========================================================================
Received Import Request.
  Time since last request: 44351.077717 seconds.
  path: Assets/DefaultVolumeProfile.asset
  artifactKey: Guid(b6d8050cecbe75e4c8b3445d5ccd33ff) Importer(815301076,1909f56bfc062723c751e8b465ee728b)
Start importing Assets/DefaultVolumeProfile.asset using Guid(b6d8050cecbe75e4c8b3445d5ccd33ff) Importer(815301076,1909f56bfc062723c751e8b465ee728b) (PreviewImporter) -> (artifact id: 'be22b23981f6d3a662df53d4c2e9ccfd') in 0.0651159 seconds
Number of updated asset objects reloaded before import = 0Number of asset objects unloaded after import = 0

========================================================================
Received Import Request.
  Time since last request: 86.245313 seconds.
  path: Assets/DefaultVolumeProfile.asset
  artifactKey: Guid(b6d8050cecbe75e4c8b3445d5ccd33ff) Importer(2089858483,b0f066a214c2f5e87bad3c948f4d605d)
Start importing Assets/DefaultVolumeProfile.asset using Guid(b6d8050cecbe75e4c8b3445d5ccd33ff) Importer(2089858483,b0f066a214c2f5e87bad3c948f4d605d) (ScriptedImporter) -> (artifact id: '5cf3eb1250c360df3bd76b0165463e70') in 0.2155643 seconds
Number of updated asset objects reloaded before import = 0Number of asset objects unloaded after import = 0

========================================================================
Received Import Request.
  Time since last request: 0.000036 seconds.
  path: Assets/TextMesh Pro/Shaders/TMP_SDF.shader
  artifactKey: Guid(68e6db2ebdc24f95958faec2be5558d6) Importer(2089858483,b0f066a214c2f5e87bad3c948f4d605d)
Start importing Assets/TextMesh Pro/Shaders/TMP_SDF.shader using Guid(68e6db2ebdc24f95958faec2be5558d6) Importer(2089858483,b0f066a214c2f5e87bad3c948f4d605d) (ScriptedImporter) -> (artifact id: '725e2faaaa588a35423b2030e731ace6') in 0.044437 seconds
Number of updated asset objects reloaded before import = 0Number of asset objects unloaded after import = 1

========================================================================
Received Import Request.
  Time since last request: 0.000034 seconds.
  path: Assets/Settings/Project Configuration/Quality URP Config.asset
  artifactKey: Guid(cf6a652e94858004a93399f0a3dac507) Importer(2089858483,b0f066a214c2f5e87bad3c948f4d605d)
Start importing Assets/Settings/Project Configuration/Quality URP Config.asset using Guid(cf6a652e94858004a93399f0a3dac507) Importer(2089858483,b0f066a214c2f5e87bad3c948f4d605d) (ScriptedImporter) -> (artifact id: '092079e76e8aecacaa73449d14b582c6') in 0.4776262 seconds
Number of updated asset objects reloaded before import = 0Number of asset objects unloaded after import = 35

========================================================================
Received Import Request.
  Time since last request: 0.000032 seconds.
  path: Assets/VRTemplateAssets/Scripts/Callout.cs
  artifactKey: Guid(16809ed3baa3d2341b75ec4c0aa874d0) Importer(2089858483,b0f066a214c2f5e87bad3c948f4d605d)
Start importing Assets/VRTemplateAssets/Scripts/Callout.cs using Guid(16809ed3baa3d2341b75ec4c0aa874d0) Importer(2089858483,b0f066a214c2f5e87bad3c948f4d605d) (ScriptedImporter) -> (artifact id: '720b6fe2a3576fbae4b219ae201024d6') in 0.0538516 seconds
Number of updated asset objects reloaded before import = 0Number of asset objects unloaded after import = 0

========================================================================
Received Import Request.
  Time since last request: 0.000035 seconds.
  path: Assets/VRTemplateAssets/Shaders/Grid.shader
  artifactKey: Guid(186077f5a09f3b64a812922fa946fe52) Importer(2089858483,b0f066a214c2f5e87bad3c948f4d605d)
Start importing Assets/VRTemplateAssets/Shaders/Grid.shader using Guid(186077f5a09f3b64a812922fa946fe52) Importer(2089858483,b0f066a214c2f5e87bad3c948f4d605d) (ScriptedImporter) -> (artifact id: '19d47408109726c51f967835ca304a15') in 0.0212355 seconds
Number of updated asset objects reloaded before import = 0Number of asset objects unloaded after import = 1

========================================================================
Received Import Request.
  Time since last request: 0.000022 seconds.
  path: Assets/VRTemplateAssets/Videos/OnboardingVideoVRT.webm
  artifactKey: Guid(597e3ae2e01aed1488c14e4b05610134) Importer(2089858483,b0f066a214c2f5e87bad3c948f4d605d)
Start importing Assets/VRTemplateAssets/Videos/OnboardingVideoVRT.webm using Guid(597e3ae2e01aed1488c14e4b05610134) Importer(2089858483,b0f066a214c2f5e87bad3c948f4d605d) (ScriptedImporter) -> (artifact id: '040a0cf49c9d904b28fda72dc4e21862') in 0.0251477 seconds
Number of updated asset objects reloaded before import = 0Number of asset objects unloaded after import = 1

========================================================================
Received Import Request.
  Time since last request: 0.000023 seconds.
  path: Assets/Scenes/2_WheatField.unity
  artifactKey: Guid(120ab726a6c027e4897fa84033ae2c84) Importer(2089858483,b0f066a214c2f5e87bad3c948f4d605d)
Start importing Assets/Scenes/2_WheatField.unity using Guid(120ab726a6c027e4897fa84033ae2c84) Importer(2089858483,b0f066a214c2f5e87bad3c948f4d605d) (ScriptedImporter) -> (artifact id: '1c3a397467bd16f5be0e49c3a81f9b74') in 0.0172317 seconds
Number of updated asset objects reloaded before import = 0Number of asset objects unloaded after import = 1

========================================================================
Received Import Request.
  Time since last request: 0.000025 seconds.
  path: Assets/VRTemplateAssets/Themes/AnchorAffordanceTheme.asset
  artifactKey: Guid(0b1260e07d3cf9b4eb80ff2e299d0bbf) Importer(2089858483,b0f066a214c2f5e87bad3c948f4d605d)
Start importing Assets/VRTemplateAssets/Themes/AnchorAffordanceTheme.asset using Guid(0b1260e07d3cf9b4eb80ff2e299d0bbf) Importer(2089858483,b0f066a214c2f5e87bad3c948f4d605d) (ScriptedImporter) -> (artifact id: '10eaf34bdc90e2b00bd6e5e1a30966ab') in 0.118858 seconds
Number of updated asset objects reloaded before import = 0Number of asset objects unloaded after import = 1

========================================================================
Received Import Request.
  Time since last request: 0.000125 seconds.
  path: Assets/VRTemplateAssets/Scripts/BooleanToggleVisualsController.cs
  artifactKey: Guid(f390e213230ce1d42a51aed871ab74ce) Importer(2089858483,b0f066a214c2f5e87bad3c948f4d605d)
Start importing Assets/VRTemplateAssets/Scripts/BooleanToggleVisualsController.cs using Guid(f390e213230ce1d42a51aed871ab74ce) Importer(2089858483,b0f066a214c2f5e87bad3c948f4d605d) (ScriptedImporter) -> (artifact id: 'a8ea5885e59110c1d8d889d858bff07a') in 0.121214 seconds
Number of updated asset objects reloaded before import = 0Number of asset objects unloaded after import = 0

========================================================================
Received Import Request.
  Time since last request: 0.000024 seconds.
  path: Assets/XR/Settings/OpenXR Editor Settings.asset
  artifactKey: Guid(60875628f7c5cc64b96a1c52b719375d) Importer(2089858483,b0f066a214c2f5e87bad3c948f4d605d)
Start importing Assets/XR/Settings/OpenXR Editor Settings.asset using Guid(60875628f7c5cc64b96a1c52b719375d) Importer(2089858483,b0f066a214c2f5e87bad3c948f4d605d) (ScriptedImporter) -> (artifact id: '486e65ea523d2bc4038a7227fc67f7d8') in 0.0486815 seconds
Number of updated asset objects reloaded before import = 0Number of asset objects unloaded after import = 1

========================================================================
Received Import Request.
  Time since last request: 0.000028 seconds.
  path: Assets/XR/Settings/OpenXR Package Settings.asset
  artifactKey: Guid(b716680a41c7a094fa3b7fb9a8024a67) Importer(2089858483,b0f066a214c2f5e87bad3c948f4d605d)
Start importing Assets/XR/Settings/OpenXR Package Settings.asset using Guid(b716680a41c7a094fa3b7fb9a8024a67) Importer(2089858483,b0f066a214c2f5e87bad3c948f4d605d) (ScriptedImporter) -> (artifact id: 'b479161f707a5758f3155d721e41178f') in 0.2075041 seconds
Number of updated asset objects reloaded before import = 0Number of asset objects unloaded after import = 1

========================================================================
Received Import Request.
  Time since last request: 0.005428 seconds.
  path: Assets/TextMesh Pro/Shaders/TMP_SDF-URP Lit.shadergraph
  artifactKey: Guid(a3d800b099a06e0478fb790c5e79057a) Importer(2089858483,b0f066a214c2f5e87bad3c948f4d605d)
Start importing Assets/TextMesh Pro/Shaders/TMP_SDF-URP Lit.shadergraph using Guid(a3d800b099a06e0478fb790c5e79057a) Importer(2089858483,b0f066a214c2f5e87bad3c948f4d605d) (ScriptedImporter) -> (artifact id: '25739ee4df06f81caa272cebe3a162f8') in 0.1714955 seconds
Number of updated asset objects reloaded before import = 0Number of asset objects unloaded after import = 4

========================================================================
Received Import Request.
  Time since last request: 0.000130 seconds.
  path: Assets/VRTemplateAssets/Materials/Controller/Controller.mat
  artifactKey: Guid(ed99ca2a07c091541937eaa1d1225edf) Importer(2089858483,b0f066a214c2f5e87bad3c948f4d605d)
Start importing Assets/VRTemplateAssets/Materials/Controller/Controller.mat using Guid(ed99ca2a07c091541937eaa1d1225edf) Importer(2089858483,b0f066a214c2f5e87bad3c948f4d605d) (ScriptedImporter) -> (artifact id: '6a9def598d023231cb110ca0f40f01c8') in 0.0315912 seconds
Number of updated asset objects reloaded before import = 0Number of asset objects unloaded after import = 1

========================================================================
Received Import Request.
  Time since last request: 0.039746 seconds.
  path: Assets/VRTemplateAssets/Materials/Controller/Blue.mat
  artifactKey: Guid(2c994d22a9398f64d9292e3849f59f92) Importer(2089858483,b0f066a214c2f5e87bad3c948f4d605d)
Start importing Assets/VRTemplateAssets/Materials/Controller/Blue.mat using Guid(2c994d22a9398f64d9292e3849f59f92) Importer(2089858483,b0f066a214c2f5e87bad3c948f4d605d) (ScriptedImporter) -> (artifact id: '6eac9109e7467df33b6103f3ae6894da') in 0.116738 seconds
Number of updated asset objects reloaded before import = 0Number of asset objects unloaded after import = 1

========================================================================
Received Import Request.
  Time since last request: 0.000035 seconds.
  path: Assets/TextMesh Pro/Shaders/TMP_Bitmap-Custom-Atlas.shader
  artifactKey: Guid(48bb5f55d8670e349b6e614913f9d910) Importer(2089858483,b0f066a214c2f5e87bad3c948f4d605d)
Start importing Assets/TextMesh Pro/Shaders/TMP_Bitmap-Custom-Atlas.shader using Guid(48bb5f55d8670e349b6e614913f9d910) Importer(2089858483,b0f066a214c2f5e87bad3c948f4d605d) (ScriptedImporter) -> (artifact id: '533589c733202e2bfdbf41d247f8f88e') in 0.1806091 seconds
Number of updated asset objects reloaded before import = 0Number of asset objects unloaded after import = 1

========================================================================
Received Import Request.
  Time since last request: 0.231905 seconds.
  path: Assets/VRTemplateAssets/Fonts/Inter/Inter-Regular SDF NoBackfaceCulling.asset
  artifactKey: Guid(fbb7c6a04be6d8341934b839f24b42e1) Importer(2089858483,b0f066a214c2f5e87bad3c948f4d605d)
Start importing Assets/VRTemplateAssets/Fonts/Inter/Inter-Regular SDF NoBackfaceCulling.asset using Guid(fbb7c6a04be6d8341934b839f24b42e1) Importer(2089858483,b0f066a214c2f5e87bad3c948f4d605d) (ScriptedImporter) -> (artifact id: '8520020ec31ee87e3f00bf8e5a0771a5') in 0.2085397 seconds
Number of updated asset objects reloaded before import = 0Number of asset objects unloaded after import = 3

========================================================================
Received Import Request.
  Time since last request: 0.000046 seconds.
  path: Assets/XRI/Settings/XRInteractionEditorSettings.asset
  artifactKey: Guid(6f9d97661ed1b724ab50d66fe4b0c37b) Importer(2089858483,b0f066a214c2f5e87bad3c948f4d605d)
Start importing Assets/XRI/Settings/XRInteractionEditorSettings.asset using Guid(6f9d97661ed1b724ab50d66fe4b0c37b) Importer(2089858483,b0f066a214c2f5e87bad3c948f4d605d) (ScriptedImporter) -> (artifact id: '886f8fed85dcd64efd9a0968470e708a') in 0.0298414 seconds
Number of updated asset objects reloaded before import = 0Number of asset objects unloaded after import = 1

========================================================================
Received Import Request.
  Time since last request: 0.000046 seconds.
  path: Assets/VRTemplateAssets/Tutorial/VRTutorialWelcomePage.asset
  artifactKey: Guid(3bf5c60804f704e11826afa05a7e2152) Importer(2089858483,b0f066a214c2f5e87bad3c948f4d605d)
Start importing Assets/VRTemplateAssets/Tutorial/VRTutorialWelcomePage.asset using Guid(3bf5c60804f704e11826afa05a7e2152) Importer(2089858483,b0f066a214c2f5e87bad3c948f4d605d) (ScriptedImporter) -> (artifact id: 'fe06124f322c695f69a87e5e14c22018') in 0.0965056 seconds
Number of updated asset objects reloaded before import = 0Number of asset objects unloaded after import = 2

========================================================================
Received Import Request.
  Time since last request: 0.000031 seconds.
  path: Assets/Scenes/SampleScene/Lightmap-0_comp_light.exr
  artifactKey: Guid(a8efa23c6f03b7d449b0cf4aa8e6a06d) Importer(2089858483,b0f066a214c2f5e87bad3c948f4d605d)
Start importing Assets/Scenes/SampleScene/Lightmap-0_comp_light.exr using Guid(a8efa23c6f03b7d449b0cf4aa8e6a06d) Importer(2089858483,b0f066a214c2f5e87bad3c948f4d605d) (ScriptedImporter)[Licensing::Client] Successfully resolved entitlement details
 -> (artifact id: '5d760099da9e36c43e746360e7f0b678') in 0.1477593 seconds
Number of updated asset objects reloaded before import = 0Number of asset objects unloaded after import = 1

========================================================================
Received Import Request.
  Time since last request: 0.000038 seconds.
  path: Assets/TextMesh Pro/Resources/LineBreaking Leading Characters.txt
  artifactKey: Guid(d82c1b31c7e74239bff1220585707d2b) Importer(2089858483,b0f066a214c2f5e87bad3c948f4d605d)
Start importing Assets/TextMesh Pro/Resources/LineBreaking Leading Characters.txt using Guid(d82c1b31c7e74239bff1220585707d2b) Importer(2089858483,b0f066a214c2f5e87bad3c948f4d605d) (ScriptedImporter) -> (artifact id: 'cec0595c04ed29f08b60dc1d79cad0af') in 0.0186229 seconds
Number of updated asset objects reloaded before import = 0Number of asset objects unloaded after import = 1

========================================================================
Received Import Request.
  Time since last request: 0.000025 seconds.
  path: Assets/VRTemplateAssets/Scripts/StepManager.cs
  artifactKey: Guid(6fc0d34940dd44129c17bc6d4396b866) Importer(2089858483,b0f066a214c2f5e87bad3c948f4d605d)
Start importing Assets/VRTemplateAssets/Scripts/StepManager.cs using Guid(6fc0d34940dd44129c17bc6d4396b866) Importer(2089858483,b0f066a214c2f5e87bad3c948f4d605d) (ScriptedImporter) -> (artifact id: '6d19694124bf090e8657444a3fc50745') in 0.0317681 seconds
Number of updated asset objects reloaded before import = 0Number of asset objects unloaded after import = 0

========================================================================
Received Import Request.
  Time since last request: 0.000044 seconds.
  path: Assets/Settings/Project Configuration/Android Preset.asset
  artifactKey: Guid(53a413327819a984d8ab1618c9e90a10) Importer(2089858483,b0f066a214c2f5e87bad3c948f4d605d)
Start importing Assets/Settings/Project Configuration/Android Preset.asset using Guid(53a413327819a984d8ab1618c9e90a10) Importer(2089858483,b0f066a214c2f5e87bad3c948f4d605d) (ScriptedImporter) -> (artifact id: 'd245624be8e9e3770b6653e42e5f986c') in 0.1027692 seconds
Number of updated asset objects reloaded before import = 0Number of asset objects unloaded after import = 1

========================================================================
Received Import Request.
  Time since last request: 0.000038 seconds.
  path: Assets/VRTemplateAssets/Materials/Environment/Grid Dark Large.mat
  artifactKey: Guid(8d599e4346a731a4b9b3e27a818c7047) Importer(2089858483,b0f066a214c2f5e87bad3c948f4d605d)
Start importing Assets/VRTemplateAssets/Materials/Environment/Grid Dark Large.mat using Guid(8d599e4346a731a4b9b3e27a818c7047) Importer(2089858483,b0f066a214c2f5e87bad3c948f4d605d) (ScriptedImporter) -> (artifact id: 'aa32975be3000596989912cbc4a2532e') in 0.0185778 seconds
Number of updated asset objects reloaded before import = 0Number of asset objects unloaded after import = 1

========================================================================
Received Import Request.
  Time since last request: 0.000024 seconds.
  path: Assets/VRTemplateAssets/Audio/Button_22_click.wav
  artifactKey: Guid(d14b106713a74b448bcab90869f1706e) Importer(2089858483,b0f066a214c2f5e87bad3c948f4d605d)
Start importing Assets/VRTemplateAssets/Audio/Button_22_click.wav using Guid(d14b106713a74b448bcab90869f1706e) Importer(2089858483,b0f066a214c2f5e87bad3c948f4d605d) (ScriptedImporter) -> (artifact id: '0c908c987deac4c92282c18334345e05') in 0.1351853 seconds
Number of updated asset objects reloaded before import = 0Number of asset objects unloaded after import = 1

========================================================================
Received Import Request.
  Time since last request: 0.000027 seconds.
  path: Assets/VRTemplateAssets/Scripts/VideoTimeScrubControl.cs
  artifactKey: Guid(6ca75f292f7449044807f6ba9e6f954c) Importer(2089858483,b0f066a214c2f5e87bad3c948f4d605d)
Start importing Assets/VRTemplateAssets/Scripts/VideoTimeScrubControl.cs using Guid(6ca75f292f7449044807f6ba9e6f954c) Importer(2089858483,b0f066a214c2f5e87bad3c948f4d605d) (ScriptedImporter) -> (artifact id: 'eb7826677b3a38d7c42de5933f560ef2') in 0.0158932 seconds
Number of updated asset objects reloaded before import = 0Number of asset objects unloaded after import = 0

========================================================================
Received Import Request.
  Time since last request: 0.000037 seconds.
  path: Assets/VRTemplateAssets/Materials/Anchor Materials/Blue Anchor Arrow.mat
  artifactKey: Guid(e42270a11c28f4744b73a18278e4ef33) Importer(2089858483,b0f066a214c2f5e87bad3c948f4d605d)
Start importing Assets/VRTemplateAssets/Materials/Anchor Materials/Blue Anchor Arrow.mat using Guid(e42270a11c28f4744b73a18278e4ef33) Importer(2089858483,b0f066a214c2f5e87bad3c948f4d605d) (ScriptedImporter) -> (artifact id: 'e6b1fd9dbf65698ac6e922842aa1f97b') in 0.019145 seconds
Number of updated asset objects reloaded before import = 0Number of asset objects unloaded after import = 1

========================================================================
Received Import Request.
  Time since last request: 0.000023 seconds.
  path: Assets/VRTemplateAssets/Materials/Environment/Glass.mat
  artifactKey: Guid(9c52a7e85c986c2429f4638c6756501c) Importer(2089858483,b0f066a214c2f5e87bad3c948f4d605d)
Start importing Assets/VRTemplateAssets/Materials/Environment/Glass.mat using Guid(9c52a7e85c986c2429f4638c6756501c) Importer(2089858483,b0f066a214c2f5e87bad3c948f4d605d) (ScriptedImporter) -> (artifact id: '5550cf6650e356f7004c49a1a6f7208f') in 0.0219133 seconds
Number of updated asset objects reloaded before import = 0Number of asset objects unloaded after import = 2

========================================================================
Received Import Request.
  Time since last request: 0.000028 seconds.
  path: Assets/VRTemplateAssets/Materials/Environment/wall2_Metallic.png
  artifactKey: Guid(29476f995aeec6243b4aa5032ecf7dd5) Importer(2089858483,b0f066a214c2f5e87bad3c948f4d605d)
Start importing Assets/VRTemplateAssets/Materials/Environment/wall2_Metallic.png using Guid(29476f995aeec6243b4aa5032ecf7dd5) Importer(2089858483,b0f066a214c2f5e87bad3c948f4d605d) (ScriptedImporter) -> (artifact id: '54b5b930828cfc9dc0fe5c00090410b3') in 0.0259975 seconds
Number of updated asset objects reloaded before import = 0Number of asset objects unloaded after import = 1

========================================================================
Received Import Request.
  Time since last request: 0.000038 seconds.
  path: Assets/VRTemplateAssets/Materials/Environment/wall2_Height.png
  artifactKey: Guid(8002692e17ddbbf4d89c025c4679de37) Importer(2089858483,b0f066a214c2f5e87bad3c948f4d605d)
Start importing Assets/VRTemplateAssets/Materials/Environment/wall2_Height.png using Guid(8002692e17ddbbf4d89c025c4679de37) Importer(2089858483,b0f066a214c2f5e87bad3c948f4d605d) (ScriptedImporter) -> (artifact id: 'a37d42dc5bf28147d28e337250f39c33') in 0.0342408 seconds
Number of updated asset objects reloaded before import = 0Number of asset objects unloaded after import = 1

========================================================================
Received Import Request.
  Time since last request: 0.000027 seconds.
  path: Assets/VRTemplateAssets/Materials/Environment/wall_Height.png
  artifactKey: Guid(b2766e330f67bc74b90720c501d9fe01) Importer(2089858483,b0f066a214c2f5e87bad3c948f4d605d)
Start importing Assets/VRTemplateAssets/Materials/Environment/wall_Height.png using Guid(b2766e330f67bc74b90720c501d9fe01) Importer(2089858483,b0f066a214c2f5e87bad3c948f4d605d) (ScriptedImporter) -> (artifact id: '6701187b98d3e64c9a207035f87b6074') in 0.0407431 seconds
Number of updated asset objects reloaded before import = 0Number of asset objects unloaded after import = 1

========================================================================
Received Import Request.
  Time since last request: 0.000029 seconds.
  path: Assets/VRTemplateAssets/Materials/Environment/Grid Dark Tight.mat
  artifactKey: Guid(43672be0899539340ba6ac5db322693c) Importer(2089858483,b0f066a214c2f5e87bad3c948f4d605d)
Start importing Assets/VRTemplateAssets/Materials/Environment/Grid Dark Tight.mat using Guid(43672be0899539340ba6ac5db322693c) Importer(2089858483,b0f066a214c2f5e87bad3c948f4d605d) (ScriptedImporter) -> (artifact id: 'b93cb2187f7ff01ccda8a6ec6ebee84c') in 0.025149 seconds
Number of updated asset objects reloaded before import = 0Number of asset objects unloaded after import = 1

========================================================================
Received Import Request.
  Time since last request: 0.000124 seconds.
  path: Assets/TextMesh Pro/Shaders/TMP_SDF-URP Unlit.shadergraph
  artifactKey: Guid(124c112a6e8f1a54e8b0870e881b56d8) Importer(2089858483,b0f066a214c2f5e87bad3c948f4d605d)
Start importing Assets/TextMesh Pro/Shaders/TMP_SDF-URP Unlit.shadergraph using Guid(124c112a6e8f1a54e8b0870e881b56d8) Importer(2089858483,b0f066a214c2f5e87bad3c948f4d605d) (ScriptedImporter) -> (artifact id: '3270cd0ec6c9b80dc4a9266bdcbbf052') in 0.0456762 seconds
Number of updated asset objects reloaded before import = 0Number of asset objects unloaded after import = 4

========================================================================
Received Import Request.
  Time since last request: 0.000024 seconds.
  path: Assets/VRTemplateAssets/Materials/Locomotion/BlinkOcclusionPass.mat
  artifactKey: Guid(001bdd73657b0304fa8db289f612d45b) Importer(2089858483,b0f066a214c2f5e87bad3c948f4d605d)
Start importing Assets/VRTemplateAssets/Materials/Locomotion/BlinkOcclusionPass.mat using Guid(001bdd73657b0304fa8db289f612d45b) Importer(2089858483,b0f066a214c2f5e87bad3c948f4d605d) (ScriptedImporter) -> (artifact id: '111f5b7c26177ad4e6b40be59b224268') in 0.0246999 seconds
Number of updated asset objects reloaded before import = 0Number of asset objects unloaded after import = 2

========================================================================
Received Import Request.
  Time since last request: 0.000031 seconds.
  path: Assets/Scenes/SampleScene/Lightmap-0_comp_shadowmask.png
  artifactKey: Guid(5b272b86282919a4488341408a338239) Importer(2089858483,b0f066a214c2f5e87bad3c948f4d605d)
Start importing Assets/Scenes/SampleScene/Lightmap-0_comp_shadowmask.png using Guid(5b272b86282919a4488341408a338239) Importer(2089858483,b0f066a214c2f5e87bad3c948f4d605d) (ScriptedImporter) -> (artifact id: 'f8ae4830c6ea1187bb55f0207f284272') in 0.0394856 seconds
Number of updated asset objects reloaded before import = 0Number of asset objects unloaded after import = 1

========================================================================
Received Import Request.
  Time since last request: 0.000040 seconds.
  path: Assets/XR/AndroidXR/AndroidXRSettingsInitializer
  artifactKey: Guid(3fec5b1471b1cc94b8c784fe0555f504) Importer(2089858483,b0f066a214c2f5e87bad3c948f4d605d)
Start importing Assets/XR/AndroidXR/AndroidXRSettingsInitializer using Guid(3fec5b1471b1cc94b8c784fe0555f504) Importer(2089858483,b0f066a214c2f5e87bad3c948f4d605d) (ScriptedImporter) -> (artifact id: '6582ab341a8e9bb31f1e6b080a9de086') in 0.0193439 seconds
Number of updated asset objects reloaded before import = 0Number of asset objects unloaded after import = 1

========================================================================
Received Import Request.
  Time since last request: 0.000027 seconds.
  path: Assets/TextMesh Pro/Shaders/SDFFunctions.hlsl
  artifactKey: Guid(96de908384869cd409c75efa351d5edf) Importer(2089858483,b0f066a214c2f5e87bad3c948f4d605d)
Start importing Assets/TextMesh Pro/Shaders/SDFFunctions.hlsl using Guid(96de908384869cd409c75efa351d5edf) Importer(2089858483,b0f066a214c2f5e87bad3c948f4d605d) (ScriptedImporter) -> (artifact id: '9757b242b34e99ebef4059041b074628') in 0.0208607 seconds
Number of updated asset objects reloaded before import = 0Number of asset objects unloaded after import = 1

========================================================================
Received Import Request.
  Time since last request: 0.000050 seconds.
  path: Assets/VRTemplateAssets/Materials/Primitive/fabric_Metallic.png
  artifactKey: Guid(7e51390506d6084449db036c4dde2bda) Importer(2089858483,b0f066a214c2f5e87bad3c948f4d605d)
Start importing Assets/VRTemplateAssets/Materials/Primitive/fabric_Metallic.png using Guid(7e51390506d6084449db036c4dde2bda) Importer(2089858483,b0f066a214c2f5e87bad3c948f4d605d) (ScriptedImporter) -> (artifact id: 'eab8c7ca7b5bf419485331539bca8d6b') in 0.04198 seconds
Number of updated asset objects reloaded before import = 0Number of asset objects unloaded after import = 1

========================================================================
Received Import Request.
  Time since last request: 0.000038 seconds.
  path: Assets/VRTemplateAssets/Materials/Primitive/fabric_Normal_OpenGL.png
  artifactKey: Guid(400b852fe920b6f4c88997509431791a) Importer(2089858483,b0f066a214c2f5e87bad3c948f4d605d)
Start importing Assets/VRTemplateAssets/Materials/Primitive/fabric_Normal_OpenGL.png using Guid(400b852fe920b6f4c88997509431791a) Importer(2089858483,b0f066a214c2f5e87bad3c948f4d605d) (ScriptedImporter) -> (artifact id: '902e3ea6c1e2912d645ed930a4e33987') in 0.0348428 seconds
Number of updated asset objects reloaded before import = 0Number of asset objects unloaded after import = 1

========================================================================
Received Import Request.
  Time since last request: 0.000046 seconds.
  path: Assets/VRTemplateAssets/Materials/Primitive/Cube_Fabric.mat
  artifactKey: Guid(6e9667c306271074f8569f70b8f0acf1) Importer(2089858483,b0f066a214c2f5e87bad3c948f4d605d)
Start importing Assets/VRTemplateAssets/Materials/Primitive/Cube_Fabric.mat using Guid(6e9667c306271074f8569f70b8f0acf1) Importer(2089858483,b0f066a214c2f5e87bad3c948f4d605d) (ScriptedImporter) -> (artifact id: '0c0ca22f67b5ba85d40f636b2df70e7f') in 0.0346266 seconds
Number of updated asset objects reloaded before import = 0Number of asset objects unloaded after import = 5

========================================================================
Received Import Request.
  Time since last request: 0.000032 seconds.
  path: Assets/VRTemplateAssets/Materials/Environment/Concrete_Metallic.tif
  artifactKey: Guid(5d6f91bab10f9f345aa741e70bc0fd6f) Importer(2089858483,b0f066a214c2f5e87bad3c948f4d605d)
Start importing Assets/VRTemplateAssets/Materials/Environment/Concrete_Metallic.tif using Guid(5d6f91bab10f9f345aa741e70bc0fd6f) Importer(2089858483,b0f066a214c2f5e87bad3c948f4d605d) (ScriptedImporter) -> (artifact id: '0bc9c8aceb4c8bc2625f2d8de7fcc1e7') in 0.0327992 seconds
Number of updated asset objects reloaded before import = 0Number of asset objects unloaded after import = 1

========================================================================
Received Import Request.
  Time since last request: 0.000632 seconds.
  path: Assets/Settings/Project Configuration/Standalone Preset.asset
  artifactKey: Guid(b4712bf26326e8a4286df35b4a6d2b19) Importer(2089858483,b0f066a214c2f5e87bad3c948f4d605d)
Start importing Assets/Settings/Project Configuration/Standalone Preset.asset using Guid(b4712bf26326e8a4286df35b4a6d2b19) Importer(2089858483,b0f066a214c2f5e87bad3c948f4d605d) (ScriptedImporter) -> (artifact id: '958a291983464e61a32ba3764441ce0c') in 0.0550443 seconds
Number of updated asset objects reloaded before import = 0Number of asset objects unloaded after import = 34

========================================================================
Received Import Request.
  Time since last request: 0.001053 seconds.
  path: Assets/VRTemplateAssets/Tutorial/TutorialLayout.wlt
  artifactKey: Guid(bd2287c5608e485449e4a5ea7889ac30) Importer(2089858483,b0f066a214c2f5e87bad3c948f4d605d)
Start importing Assets/VRTemplateAssets/Tutorial/TutorialLayout.wlt using Guid(bd2287c5608e485449e4a5ea7889ac30) Importer(2089858483,b0f066a214c2f5e87bad3c948f4d605d) (ScriptedImporter) -> (artifact id: 'eb67db7d08a006898db81e7623d39077') in 0.0188317 seconds
Number of updated asset objects reloaded before import = 0Number of asset objects unloaded after import = 1

========================================================================
Received Import Request.
  Time since last request: 0.000030 seconds.
  path: Assets/VRTemplateAssets/Fonts/Inter/Inter-Regular SDF.asset
  artifactKey: Guid(f675742eaf9c20a4f909d78ee7a14fed) Importer(2089858483,b0f066a214c2f5e87bad3c948f4d605d)
Start importing Assets/VRTemplateAssets/Fonts/Inter/Inter-Regular SDF.asset using Guid(f675742eaf9c20a4f909d78ee7a14fed) Importer(2089858483,b0f066a214c2f5e87bad3c948f4d605d) (ScriptedImporter) -> (artifact id: '8a935989ec337dc75b3de530c41f92cf') in 0.0365755 seconds
Number of updated asset objects reloaded before import = 0Number of asset objects unloaded after import = 3

========================================================================
Received Import Request.
  Time since last request: 0.000022 seconds.
  path: Assets/VRTemplateAssets/Shaders/TexturedFresnelStandard.shader
  artifactKey: Guid(5e723135b0fd1e34ba403dc074c61877) Importer(2089858483,b0f066a214c2f5e87bad3c948f4d605d)
Start importing Assets/VRTemplateAssets/Shaders/TexturedFresnelStandard.shader using Guid(5e723135b0fd1e34ba403dc074c61877) Importer(2089858483,b0f066a214c2f5e87bad3c948f4d605d) (ScriptedImporter) -> (artifact id: '9bcac57129cf53479a76f21c94bf314f') in 0.0167254 seconds
Number of updated asset objects reloaded before import = 0Number of asset objects unloaded after import = 1

========================================================================
Received Import Request.
  Time since last request: 0.000019 seconds.
  path: Assets/Scenes/SampleScene/ReflectionProbe-0.exr
  artifactKey: Guid(bfb8f0735ac8c9b43a2f0251aea88e11) Importer(2089858483,b0f066a214c2f5e87bad3c948f4d605d)
Start importing Assets/Scenes/SampleScene/ReflectionProbe-0.exr using Guid(bfb8f0735ac8c9b43a2f0251aea88e11) Importer(2089858483,b0f066a214c2f5e87bad3c948f4d605d) (ScriptedImporter) -> (artifact id: 'b94d7f25bccf6ea3e5110efec26f8d8d') in 0.0309751 seconds
Number of updated asset objects reloaded before import = 0Number of asset objects unloaded after import = 1

========================================================================
Received Import Request.
  Time since last request: 0.000021 seconds.
  path: Assets/VRTemplateAssets/Materials/Environment/Wall Cut.mat
  artifactKey: Guid(042e972c6fce7414fbab2b5248e4a0fe) Importer(2089858483,b0f066a214c2f5e87bad3c948f4d605d)
Start importing Assets/VRTemplateAssets/Materials/Environment/Wall Cut.mat using Guid(042e972c6fce7414fbab2b5248e4a0fe) Importer(2089858483,b0f066a214c2f5e87bad3c948f4d605d) (ScriptedImporter) -> (artifact id: '39fcb97202534059218ccc384652656d') in 0.0245457 seconds
Number of updated asset objects reloaded before import = 0Number of asset objects unloaded after import = 5

========================================================================
Received Import Request.
  Time since last request: 0.000028 seconds.
  path: Assets/VRTemplateAssets/Fonts/Inter/Inter-Regular SDF Overlay Material.mat
  artifactKey: Guid(c5340088affa7b6418a70a596e608408) Importer(2089858483,b0f066a214c2f5e87bad3c948f4d605d)
Start importing Assets/VRTemplateAssets/Fonts/Inter/Inter-Regular SDF Overlay Material.mat using Guid(c5340088affa7b6418a70a596e608408) Importer(2089858483,b0f066a214c2f5e87bad3c948f4d605d) (ScriptedImporter) -> (artifact id: '6e5556dde5720f0be330882392f55dea') in 0.0212588 seconds
Number of updated asset objects reloaded before import = 0Number of asset objects unloaded after import = 2

========================================================================
Received Import Request.
  Time since last request: 0.000019 seconds.
  path: Assets/Scenes/CodingTest.unity
  artifactKey: Guid(0b6fa7bb681ed324b8a505f394367927) Importer(2089858483,b0f066a214c2f5e87bad3c948f4d605d)
Start importing Assets/Scenes/CodingTest.unity using Guid(0b6fa7bb681ed324b8a505f394367927) Importer(2089858483,b0f066a214c2f5e87bad3c948f4d605d) (ScriptedImporter) -> (artifact id: 'b7985fa3c3093b2dd81848e1dab98e48') in 0.0323482 seconds
Number of updated asset objects reloaded before import = 0Number of asset objects unloaded after import = 1

========================================================================
Received Import Request.
  Time since last request: 0.000021 seconds.
  path: Assets/TextMesh Pro/Fonts/LiberationSans - OFL.txt
  artifactKey: Guid(6e59c59b81ab47f9b6ec5781fa725d2c) Importer(2089858483,b0f066a214c2f5e87bad3c948f4d605d)
Start importing Assets/TextMesh Pro/Fonts/LiberationSans - OFL.txt using Guid(6e59c59b81ab47f9b6ec5781fa725d2c) Importer(2089858483,b0f066a214c2f5e87bad3c948f4d605d) (ScriptedImporter) -> (artifact id: '7fe4f11ae4df30c358c9ebf597cf1c5c') in 0.0184724 seconds
Number of updated asset objects reloaded before import = 0Number of asset objects unloaded after import = 1

========================================================================
Received Import Request.
  Time since last request: 0.000030 seconds.
  path: Assets/TextMesh Pro/Shaders/TMP_SDF-HDRP UNLIT.shadergraph
  artifactKey: Guid(f63d574838ccfb44f84acc05fed0af48) Importer(2089858483,b0f066a214c2f5e87bad3c948f4d605d)
Start importing Assets/TextMesh Pro/Shaders/TMP_SDF-HDRP UNLIT.shadergraph using Guid(f63d574838ccfb44f84acc05fed0af48) Importer(2089858483,b0f066a214c2f5e87bad3c948f4d605d) (ScriptedImporter) -> (artifact id: 'e09982e36e060c8776862518859461c0') in 0.0219661 seconds
Number of updated asset objects reloaded before import = 0Number of asset objects unloaded after import = 3

========================================================================
Received Import Request.
  Time since last request: 0.000037 seconds.
  path: Assets/VRTemplateAssets/Fonts/Inter/Inter-Regular SDF Material XRay Blue.mat
  artifactKey: Guid(af07a37023b9de24a8da02768ceff3df) Importer(2089858483,b0f066a214c2f5e87bad3c948f4d605d)
Start importing Assets/VRTemplateAssets/Fonts/Inter/Inter-Regular SDF Material XRay Blue.mat using Guid(af07a37023b9de24a8da02768ceff3df) Importer(2089858483,b0f066a214c2f5e87bad3c948f4d605d) (ScriptedImporter) -> (artifact id: 'c000e6b07bb6948c0feb5004d7c603b3') in 0.0240637 seconds
Number of updated asset objects reloaded before import = 0Number of asset objects unloaded after import = 2

========================================================================
Received Import Request.
  Time since last request: 0.000024 seconds.
  path: Assets/Settings/Project Configuration/UniversalRenderPipelineGlobalSettings.asset
  artifactKey: Guid(b14f41a94dde88c4fa9fed9ae80f7362) Importer(2089858483,b0f066a214c2f5e87bad3c948f4d605d)
Start importing Assets/Settings/Project Configuration/UniversalRenderPipelineGlobalSettings.asset using Guid(b14f41a94dde88c4fa9fed9ae80f7362) Importer(2089858483,b0f066a214c2f5e87bad3c948f4d605d) (ScriptedImporter) -> (artifact id: '6a54b518affd5ddc860eccce96e76177') in 0.1721816 seconds
Number of updated asset objects reloaded before import = 0Number of asset objects unloaded after import = 0

========================================================================
Received Import Request.
  Time since last request: 0.000027 seconds.
  path: Assets/VRTemplateAssets/Materials/Environment/Concrete_Albedo.tif
  artifactKey: Guid(5803a7cd377fea04dbb2916a5d373150) Importer(2089858483,b0f066a214c2f5e87bad3c948f4d605d)
Start importing Assets/VRTemplateAssets/Materials/Environment/Concrete_Albedo.tif using Guid(5803a7cd377fea04dbb2916a5d373150) Importer(2089858483,b0f066a214c2f5e87bad3c948f4d605d) (ScriptedImporter) -> (artifact id: 'bdc41d704713917ae3bc076fcbc7dc18') in 0.0263117 seconds
Number of updated asset objects reloaded before import = 0Number of asset objects unloaded after import = 1

========================================================================
Received Import Request.
  Time since last request: 0.000031 seconds.
  path: Assets/TextMesh Pro/Shaders/TMP_SDF-Mobile-2-Pass.shader
  artifactKey: Guid(0178fcb869bafef4690d177d31d17db8) Importer(2089858483,b0f066a214c2f5e87bad3c948f4d605d)
Start importing Assets/TextMesh Pro/Shaders/TMP_SDF-Mobile-2-Pass.shader using Guid(0178fcb869bafef4690d177d31d17db8) Importer(2089858483,b0f066a214c2f5e87bad3c948f4d605d) (ScriptedImporter) -> (artifact id: '072d0784312576a8850eaa6bceda5d74') in 0.0213691 seconds
Number of updated asset objects reloaded before import = 0Number of asset objects unloaded after import = 1

========================================================================
Received Import Request.
  Time since last request: 0.000033 seconds.
  path: Assets/VRTemplateAssets/Scripts/LaunchProjectile.cs
  artifactKey: Guid(1f369c769e8961844a3c7ccacd4c3cd5) Importer(2089858483,b0f066a214c2f5e87bad3c948f4d605d)
Start importing Assets/VRTemplateAssets/Scripts/LaunchProjectile.cs using Guid(1f369c769e8961844a3c7ccacd4c3cd5) Importer(2089858483,b0f066a214c2f5e87bad3c948f4d605d) (ScriptedImporter) -> (artifact id: '506a156cc01b5e43570d66f9548651c9') in 0.020833 seconds
Number of updated asset objects reloaded before import = 0Number of asset objects unloaded after import = 0

========================================================================
Received Import Request.
  Time since last request: 0.000029 seconds.
  path: Assets/TextMesh Pro/Shaders/TMP_SDF-Mobile SSD.shader
  artifactKey: Guid(c8d12adcee749c344b8117cf7c7eb912) Importer(2089858483,b0f066a214c2f5e87bad3c948f4d605d)
Start importing Assets/TextMesh Pro/Shaders/TMP_SDF-Mobile SSD.shader using Guid(c8d12adcee749c344b8117cf7c7eb912) Importer(2089858483,b0f066a214c2f5e87bad3c948f4d605d) (ScriptedImporter) -> (artifact id: '2bded56ee506680433881de2056a5f5b') in 0.0235379 seconds
Number of updated asset objects reloaded before import = 0Number of asset objects unloaded after import = 1

========================================================================
Received Import Request.
  Time since last request: 0.000036 seconds.
  path: Assets/VRTemplateAssets/Materials/Primitive/fabric_Base_color.png
  artifactKey: Guid(27ef0c8a1f7e7f24c8dfdcdf67dbe928) Importer(2089858483,b0f066a214c2f5e87bad3c948f4d605d)
Start importing Assets/VRTemplateAssets/Materials/Primitive/fabric_Base_color.png using Guid(27ef0c8a1f7e7f24c8dfdcdf67dbe928) Importer(2089858483,b0f066a214c2f5e87bad3c948f4d605d) (ScriptedImporter) -> (artifact id: '30527086f53d383ef4df6e226ebe8cab') in 0.0263027 seconds
Number of updated asset objects reloaded before import = 0Number of asset objects unloaded after import = 1

========================================================================
Received Import Request.
  Time since last request: 0.000022 seconds.
  path: Assets/TextMesh Pro/Shaders/TMP_SDF-HDRP LIT.shadergraph
  artifactKey: Guid(ca2ed216f98028c4dae6c5224a952b3c) Importer(2089858483,b0f066a214c2f5e87bad3c948f4d605d)
Start importing Assets/TextMesh Pro/Shaders/TMP_SDF-HDRP LIT.shadergraph using Guid(ca2ed216f98028c4dae6c5224a952b3c) Importer(2089858483,b0f066a214c2f5e87bad3c948f4d605d) (ScriptedImporter) -> (artifact id: '13759becf34cdc0b595fc9e2f56d7562') in 0.0275396 seconds
Number of updated asset objects reloaded before import = 0Number of asset objects unloaded after import = 3

========================================================================
Received Import Request.
  Time since last request: 0.000022 seconds.
  path: Assets/VRTemplateAssets/Materials/Environment/wall_Metallic.png
  artifactKey: Guid(f0c44a6fb8432d840b04e763170b8d17) Importer(2089858483,b0f066a214c2f5e87bad3c948f4d605d)
Start importing Assets/VRTemplateAssets/Materials/Environment/wall_Metallic.png using Guid(f0c44a6fb8432d840b04e763170b8d17) Importer(2089858483,b0f066a214c2f5e87bad3c948f4d605d) (ScriptedImporter) -> (artifact id: '4bc309d9adaee4136f89b2a9a8836e20') in 0.0241811 seconds
Number of updated asset objects reloaded before import = 0Number of asset objects unloaded after import = 1

========================================================================
Received Import Request.
  Time since last request: 0.000028 seconds.
  path: Assets/Scenes/SampleScene/LightingData.asset
  artifactKey: Guid(babed66f44e8b5445b185fac4e02e130) Importer(2089858483,b0f066a214c2f5e87bad3c948f4d605d)
Start importing Assets/Scenes/SampleScene/LightingData.asset using Guid(babed66f44e8b5445b185fac4e02e130) Importer(2089858483,b0f066a214c2f5e87bad3c948f4d605d) (ScriptedImporter) -> (artifact id: 'febc30729ffb7dc3eca97e3b9b0cfe8d') in 0.02096 seconds
Number of updated asset objects reloaded before import = 0Number of asset objects unloaded after import = 2

========================================================================
Received Import Request.
  Time since last request: 0.000030 seconds.
  path: Assets/VRTemplateAssets/Materials/Environment/Grey.mat
  artifactKey: Guid(e1b4debff657aa94293a2e4e5f15b8a0) Importer(2089858483,b0f066a214c2f5e87bad3c948f4d605d)
Start importing Assets/VRTemplateAssets/Materials/Environment/Grey.mat using Guid(e1b4debff657aa94293a2e4e5f15b8a0) Importer(2089858483,b0f066a214c2f5e87bad3c948f4d605d) (ScriptedImporter) -> (artifact id: '889150f5c671b997cd07e9fd288d8763') in 0.0248339 seconds
Number of updated asset objects reloaded before import = 0Number of asset objects unloaded after import = 3

========================================================================
Received Import Request.
  Time since last request: 0.000028 seconds.
  path: Assets/VRTemplateAssets/Materials/Environment/Wall Default.mat
  artifactKey: Guid(dcac969f335985b47a7dd104e05496d9) Importer(2089858483,b0f066a214c2f5e87bad3c948f4d605d)
Start importing Assets/VRTemplateAssets/Materials/Environment/Wall Default.mat using Guid(dcac969f335985b47a7dd104e05496d9) Importer(2089858483,b0f066a214c2f5e87bad3c948f4d605d) (ScriptedImporter) -> (artifact id: '605b5cf4210b44b66116c58d624dd8bc') in 0.0320758 seconds
Number of updated asset objects reloaded before import = 0Number of asset objects unloaded after import = 5

========================================================================
Received Import Request.
  Time since last request: 0.000026 seconds.
  path: Assets/VRTemplateAssets/Scripts/VideoPlayerRenderTexture.cs
  artifactKey: Guid(e9f926e9bbc6b3149869d0f7ecdf53a3) Importer(2089858483,b0f066a214c2f5e87bad3c948f4d605d)
Start importing Assets/VRTemplateAssets/Scripts/VideoPlayerRenderTexture.cs using Guid(e9f926e9bbc6b3149869d0f7ecdf53a3) Importer(2089858483,b0f066a214c2f5e87bad3c948f4d605d) (ScriptedImporter) -> (artifact id: '86049fbb4010dc4db192d086e5a3eb86') in 0.0287131 seconds
Number of updated asset objects reloaded before import = 0Number of asset objects unloaded after import = 0

========================================================================
Received Import Request.
  Time since last request: 0.000085 seconds.
  path: Assets/VRTemplateAssets/Materials/Locomotion/Angle Indicator.mat
  artifactKey: Guid(8949fdebf89b61548af583f0a1ef05ab) Importer(2089858483,b0f066a214c2f5e87bad3c948f4d605d)
Start importing Assets/VRTemplateAssets/Materials/Locomotion/Angle Indicator.mat using Guid(8949fdebf89b61548af583f0a1ef05ab) Importer(2089858483,b0f066a214c2f5e87bad3c948f4d605d) (ScriptedImporter) -> (artifact id: 'c6bd3895f58e913ad1c5435162c44c75') in 0.0261842 seconds
Number of updated asset objects reloaded before import = 0Number of asset objects unloaded after import = 1

========================================================================
Received Import Request.
  Time since last request: 0.000055 seconds.
  path: Assets/VRTemplateAssets/Materials/Primitive/Interactables.physicMaterial
  artifactKey: Guid(10bde48ef542d6a4fbee12145283824a) Importer(2089858483,b0f066a214c2f5e87bad3c948f4d605d)
Start importing Assets/VRTemplateAssets/Materials/Primitive/Interactables.physicMaterial using Guid(10bde48ef542d6a4fbee12145283824a) Importer(2089858483,b0f066a214c2f5e87bad3c948f4d605d) (ScriptedImporter) -> (artifact id: 'd4460ff5189aafe9c20f618f6bb1800c') in 0.021959 seconds
Number of updated asset objects reloaded before import = 0Number of asset objects unloaded after import = 1

========================================================================
Received Import Request.
  Time since last request: 0.000031 seconds.
  path: Assets/VRTemplateAssets/Models/Environment/Torus Cut.fbx
  artifactKey: Guid(4ed41858240845b479082276b0831228) Importer(2089858483,b0f066a214c2f5e87bad3c948f4d605d)
Start importing Assets/VRTemplateAssets/Models/Environment/Torus Cut.fbx using Guid(4ed41858240845b479082276b0831228) Importer(2089858483,b0f066a214c2f5e87bad3c948f4d605d) (ScriptedImporter) -> (artifact id: 'ff5f47828ac62fea5c7630ec570181b2') in 0.2288543 seconds
Number of updated asset objects reloaded before import = 0Number of asset objects unloaded after import = 8

========================================================================
Received Import Request.
  Time since last request: 0.000029 seconds.
  path: Assets/VRTemplateAssets/Prefabs/Interactables/Cylinder Interactable Variant.prefab
  artifactKey: Guid(2c1a76173c7e0144fbab968bd1968de1) Importer(2089858483,b0f066a214c2f5e87bad3c948f4d605d)
Start importing Assets/VRTemplateAssets/Prefabs/Interactables/Cylinder Interactable Variant.prefab using Guid(2c1a76173c7e0144fbab968bd1968de1) Importer(2089858483,b0f066a214c2f5e87bad3c948f4d605d) (ScriptedImporter) -> (artifact id: 'e7a8200238b1b46584aa2dc654ec19fd') in 0.1834667 seconds
Number of updated asset objects reloaded before import = 0Number of asset objects unloaded after import = 37

========================================================================
Received Import Request.
  Time since last request: 0.000044 seconds.
  path: Assets/VRTemplateAssets/Models/Anchor/AnchorFade.fbx
  artifactKey: Guid(436757056de26e144b330984c539cecd) Importer(2089858483,b0f066a214c2f5e87bad3c948f4d605d)
Start importing Assets/VRTemplateAssets/Models/Anchor/AnchorFade.fbx using Guid(436757056de26e144b330984c539cecd) Importer(2089858483,b0f066a214c2f5e87bad3c948f4d605d) (ScriptedImporter) -> (artifact id: '84eb0e911b0615ca650ea9104563a561') in 0.0371003 seconds
Number of updated asset objects reloaded before import = 0Number of asset objects unloaded after import = 8

========================================================================
Received Import Request.
  Time since last request: 0.000030 seconds.
  path: Assets/VRTemplateAssets/Materials/Primitive/torus_Metallic.png
  artifactKey: Guid(287310663f2f35d40ab48eb40247cbfd) Importer(2089858483,b0f066a214c2f5e87bad3c948f4d605d)
Start importing Assets/VRTemplateAssets/Materials/Primitive/torus_Metallic.png using Guid(287310663f2f35d40ab48eb40247cbfd) Importer(2089858483,b0f066a214c2f5e87bad3c948f4d605d) (ScriptedImporter) -> (artifact id: 'dde0be258ba2537c67ffd25df3b1926e') in 0.0288016 seconds
Number of updated asset objects reloaded before import = 0Number of asset objects unloaded after import = 1

========================================================================
Received Import Request.
  Time since last request: 0.000025 seconds.
  path: Assets/VRTemplateAssets/Prefabs/Interactables/Totem1 Variant.prefab
  artifactKey: Guid(e912fbd5396dace4dbdffbc8b79a6c14) Importer(2089858483,b0f066a214c2f5e87bad3c948f4d605d)
Start importing Assets/VRTemplateAssets/Prefabs/Interactables/Totem1 Variant.prefab using Guid(e912fbd5396dace4dbdffbc8b79a6c14) Importer(2089858483,b0f066a214c2f5e87bad3c948f4d605d) (ScriptedImporter) -> (artifact id: '1fe89567a8561f1ec0be96476cb982d6') in 0.0299171 seconds
Number of updated asset objects reloaded before import = 0Number of asset objects unloaded after import = 67

========================================================================
Received Import Request.
  Time since last request: 0.000176 seconds.
  path: Assets/VRTemplateAssets/Models/Blink/BlinkVisual.fbx
  artifactKey: Guid(abd83a5f2e97de448a64683eb362a566) Importer(2089858483,b0f066a214c2f5e87bad3c948f4d605d)
Start importing Assets/VRTemplateAssets/Models/Blink/BlinkVisual.fbx using Guid(abd83a5f2e97de448a64683eb362a566) Importer(2089858483,b0f066a214c2f5e87bad3c948f4d605d) (ScriptedImporter) -> (artifact id: '2cea636bbf1b37ed637030aadb7d128a') in 0.054379 seconds
Number of updated asset objects reloaded before import = 0Number of asset objects unloaded after import = 8

========================================================================
Received Import Request.
  Time since last request: 0.000036 seconds.
  path: Assets/VRTemplateAssets/Prefabs/Blink/Blink Visuals.prefab
  artifactKey: Guid(8b983c20181b75e489cd0b88a44c68f8) Importer(2089858483,b0f066a214c2f5e87bad3c948f4d605d)
Start importing Assets/VRTemplateAssets/Prefabs/Blink/Blink Visuals.prefab using Guid(8b983c20181b75e489cd0b88a44c68f8) Importer(2089858483,b0f066a214c2f5e87bad3c948f4d605d) (ScriptedImporter) -> (artifact id: '25dbf600a86e2e797d3829c8a93b3456') in 0.035755 seconds
Number of updated asset objects reloaded before import = 0Number of asset objects unloaded after import = 15

========================================================================
Received Import Request.
  Time since last request: 0.000058 seconds.
  path: Assets/VRTemplateAssets/Prefabs/TutorialPlayer/Tutorial Player.prefab
  artifactKey: Guid(dc067c577ec1b854684d789b6e727cc0) Importer(2089858483,b0f066a214c2f5e87bad3c948f4d605d)
Start importing Assets/VRTemplateAssets/Prefabs/TutorialPlayer/Tutorial Player.prefab using Guid(dc067c577ec1b854684d789b6e727cc0) Importer(2089858483,b0f066a214c2f5e87bad3c948f4d605d) (ScriptedImporter) -> (artifact id: 'b3fb04a20cafa7982f88b8d9550954a8') in 0.2152768 seconds
Number of updated asset objects reloaded before import = 0Number of asset objects unloaded after import = 91

========================================================================
Received Import Request.
  Time since last request: 0.000047 seconds.
  path: Assets/VRTemplateAssets/Prefabs/UI/List Item Dropdown.prefab
  artifactKey: Guid(f47ad6ac315a3ea428b59e2cac6f2a2e) Importer(2089858483,b0f066a214c2f5e87bad3c948f4d605d)
Start importing Assets/VRTemplateAssets/Prefabs/UI/List Item Dropdown.prefab using Guid(f47ad6ac315a3ea428b59e2cac6f2a2e) Importer(2089858483,b0f066a214c2f5e87bad3c948f4d605d) (ScriptedImporter) -> (artifact id: 'f13c4f5c32214cff4d66236341020552') in 0.0444894 seconds
Number of updated asset objects reloaded before import = 0Number of asset objects unloaded after import = 78

========================================================================
Received Import Request.
  Time since last request: 0.000027 seconds.
  path: Assets/VRTemplateAssets/Materials/Primitive/torus_Roughness.png
  artifactKey: Guid(fb131a1c1f4a365408bb20898e26015a) Importer(2089858483,b0f066a214c2f5e87bad3c948f4d605d)
Start importing Assets/VRTemplateAssets/Materials/Primitive/torus_Roughness.png using Guid(fb131a1c1f4a365408bb20898e26015a) Importer(2089858483,b0f066a214c2f5e87bad3c948f4d605d) (ScriptedImporter) -> (artifact id: 'd326cfbd003e9af53a61c64ffb75b01b') in 0.0319147 seconds
Number of updated asset objects reloaded before import = 0Number of asset objects unloaded after import = 1

========================================================================
Received Import Request.
  Time since last request: 0.000027 seconds.
  path: Assets/VRTemplateAssets/Materials/Primitive/Interactables Bouncy.physicMaterial
  artifactKey: Guid(590dbebc6f287b940ac52b3dfea3bfc1) Importer(2089858483,b0f066a214c2f5e87bad3c948f4d605d)
Start importing Assets/VRTemplateAssets/Materials/Primitive/Interactables Bouncy.physicMaterial using Guid(590dbebc6f287b940ac52b3dfea3bfc1) Importer(2089858483,b0f066a214c2f5e87bad3c948f4d605d) (ScriptedImporter) -> (artifact id: 'aceb2cc3e71c14922941e0d68c3c67fb') in 0.0293297 seconds
Number of updated asset objects reloaded before import = 0Number of asset objects unloaded after import = 1

========================================================================
Received Import Request.
  Time since last request: 0.000041 seconds.
  path: Assets/VRTemplateAssets/Prefabs/Interactables/Totem2 Variant.prefab
  artifactKey: Guid(c72778ad3d61c1c4286eb3a2aeb02741) Importer(2089858483,b0f066a214c2f5e87bad3c948f4d605d)
Start importing Assets/VRTemplateAssets/Prefabs/Interactables/Totem2 Variant.prefab using Guid(c72778ad3d61c1c4286eb3a2aeb02741) Importer(2089858483,b0f066a214c2f5e87bad3c948f4d605d) (ScriptedImporter) -> (artifact id: '927f05846e3e322dbeedcbec2dae964b') in 0.0925986 seconds
Number of updated asset objects reloaded before import = 0Number of asset objects unloaded after import = 60

========================================================================
Received Import Request.
  Time since last request: 0.000031 seconds.
  path: Assets/VRTemplateAssets/Sprites/CoachingCards/Coaching Step 1.png
  artifactKey: Guid(aa1e07d3e3ba968489f3cba3bbe76b41) Importer(2089858483,b0f066a214c2f5e87bad3c948f4d605d)
Start importing Assets/VRTemplateAssets/Sprites/CoachingCards/Coaching Step 1.png using Guid(aa1e07d3e3ba968489f3cba3bbe76b41) Importer(2089858483,b0f066a214c2f5e87bad3c948f4d605d) (ScriptedImporter) -> (artifact id: 'eca95b10f8cf6bbe119c2c12c06a8ec4') in 0.0610046 seconds
Number of updated asset objects reloaded before import = 0Number of asset objects unloaded after import = 3

========================================================================
Received Import Request.
  Time since last request: 0.000029 seconds.
  path: Assets/VRTemplateAssets/Sprites/CoachingCards/cat-happy.gif
  artifactKey: Guid(72b638e5e44c2b24a8456ea405a784f5) Importer(2089858483,b0f066a214c2f5e87bad3c948f4d605d)
Start importing Assets/VRTemplateAssets/Sprites/CoachingCards/cat-happy.gif using Guid(72b638e5e44c2b24a8456ea405a784f5) Importer(2089858483,b0f066a214c2f5e87bad3c948f4d605d) (ScriptedImporter) -> (artifact id: '69888f8712db0c6bd91049f4e0677568') in 0.0402323 seconds
Number of updated asset objects reloaded before import = 0Number of asset objects unloaded after import = 3

========================================================================
Received Import Request.
  Time since last request: 0.000040 seconds.
  path: Assets/VRTemplateAssets/Models/Marks/Marks.fbx
  artifactKey: Guid(47f3b271b50f14d4fbc351a0104e9d46) Importer(2089858483,b0f066a214c2f5e87bad3c948f4d605d)
Start importing Assets/VRTemplateAssets/Models/Marks/Marks.fbx using Guid(47f3b271b50f14d4fbc351a0104e9d46) Importer(2089858483,b0f066a214c2f5e87bad3c948f4d605d) (ScriptedImporter) -> (artifact id: '5d33e2a247ad14250b1d2fbd7faf3d9d') in 0.104751 seconds
Number of updated asset objects reloaded before import = 0Number of asset objects unloaded after import = 210

========================================================================
Received Import Request.
  Time since last request: 0.000030 seconds.
  path: Assets/VRTemplateAssets/Sprites/CoachingCards/Coaching Step 5.png
  artifactKey: Guid(bd657264cd2bd754bbed1cc8905fbdce) Importer(2089858483,b0f066a214c2f5e87bad3c948f4d605d)
Start importing Assets/VRTemplateAssets/Sprites/CoachingCards/Coaching Step 5.png using Guid(bd657264cd2bd754bbed1cc8905fbdce) Importer(2089858483,b0f066a214c2f5e87bad3c948f4d605d) (ScriptedImporter) -> (artifact id: '2bfe7a517e66f3c658ab40737a69ce37') in 0.0376097 seconds
Number of updated asset objects reloaded before import = 0Number of asset objects unloaded after import = 3

========================================================================
Received Import Request.
  Time since last request: 0.000025 seconds.
  path: Assets/VRTemplateAssets/Sprites/Icons/Forward.png
  artifactKey: Guid(a18f69464d4032d41a019152e94f2295) Importer(2089858483,b0f066a214c2f5e87bad3c948f4d605d)
Start importing Assets/VRTemplateAssets/Sprites/Icons/Forward.png using Guid(a18f69464d4032d41a019152e94f2295) Importer(2089858483,b0f066a214c2f5e87bad3c948f4d605d) (ScriptedImporter) -> (artifact id: 'c11027ecbefb06e8350135f3dd307004') in 0.0297098 seconds
Number of updated asset objects reloaded before import = 0Number of asset objects unloaded after import = 3

========================================================================
Received Import Request.
  Time since last request: 0.000038 seconds.
  path: Assets/VRTemplateAssets/Sprites/CoachingCards/Coaching Step 6.png
  artifactKey: Guid(7e45b5b7749d93e4baa70a7908635dcc) Importer(2089858483,b0f066a214c2f5e87bad3c948f4d605d)
Start importing Assets/VRTemplateAssets/Sprites/CoachingCards/Coaching Step 6.png using Guid(7e45b5b7749d93e4baa70a7908635dcc) Importer(2089858483,b0f066a214c2f5e87bad3c948f4d605d) (ScriptedImporter) -> (artifact id: '80a428bcca0a7d64e8e6a0ed1543a684') in 0.0818853 seconds
Number of updated asset objects reloaded before import = 0Number of asset objects unloaded after import = 3

========================================================================
Received Import Request.
  Time since last request: 0.000080 seconds.
  path: Assets/VRTemplateAssets/Sprites/Icons/Scroll Down.png
  artifactKey: Guid(40f7736bf48a1d94cac651cb532e4767) Importer(2089858483,b0f066a214c2f5e87bad3c948f4d605d)
Start importing Assets/VRTemplateAssets/Sprites/Icons/Scroll Down.png using Guid(40f7736bf48a1d94cac651cb532e4767) Importer(2089858483,b0f066a214c2f5e87bad3c948f4d605d) (ScriptedImporter) -> (artifact id: 'b482f62cb5247a21881d84b7f609d4ed') in 0.0630127 seconds
Number of updated asset objects reloaded before import = 0Number of asset objects unloaded after import = 3

========================================================================
Received Import Request.
  Time since last request: 0.000041 seconds.
  path: Assets/VRTemplateAssets/Materials/Primitive/Sticky.physicMaterial
  artifactKey: Guid(93fd3ce14e8045645a179db0bfce7ea9) Importer(2089858483,b0f066a214c2f5e87bad3c948f4d605d)
Start importing Assets/VRTemplateAssets/Materials/Primitive/Sticky.physicMaterial using Guid(93fd3ce14e8045645a179db0bfce7ea9) Importer(2089858483,b0f066a214c2f5e87bad3c948f4d605d) (ScriptedImporter) -> (artifact id: '4635dcf219e7c7e34fec0c913e3fa4d3') in 0.020433 seconds
Number of updated asset objects reloaded before import = 0Number of asset objects unloaded after import = 1

========================================================================
Received Import Request.
  Time since last request: 0.000024 seconds.
  path: Assets/VRTemplateAssets/Sprites/UI/Circle_60x60 Outline.png
  artifactKey: Guid(7edfa9a28dcc4584ba5194e74c74f93c) Importer(2089858483,b0f066a214c2f5e87bad3c948f4d605d)
Start importing Assets/VRTemplateAssets/Sprites/UI/Circle_60x60 Outline.png using Guid(7edfa9a28dcc4584ba5194e74c74f93c) Importer(2089858483,b0f066a214c2f5e87bad3c948f4d605d) (ScriptedImporter) -> (artifact id: 'b902e15c33eb8efe3f9ee3442ad883dd') in 0.0387179 seconds
Number of updated asset objects reloaded before import = 0Number of asset objects unloaded after import = 3

========================================================================
Received Import Request.
  Time since last request: 0.000031 seconds.
  path: Assets/VRTemplateAssets/Sprites/Icons/Teleport.png
  artifactKey: Guid(b398f58ecc9d0ac4c8de2c6e007b5c95) Importer(2089858483,b0f066a214c2f5e87bad3c948f4d605d)
Start importing Assets/VRTemplateAssets/Sprites/Icons/Teleport.png using Guid(b398f58ecc9d0ac4c8de2c6e007b5c95) Importer(2089858483,b0f066a214c2f5e87bad3c948f4d605d) (ScriptedImporter) -> (artifact id: 'f2c85b854bd089d07f719e81059a3a18') in 0.038219 seconds
Number of updated asset objects reloaded before import = 0Number of asset objects unloaded after import = 3

========================================================================
Received Import Request.
  Time since last request: 0.000039 seconds.
  path: Assets/VRTemplateAssets/Models/Poke/PokePointer.fbx
  artifactKey: Guid(a7a48ffe8eca1b6418fba110a2d48baa) Importer(2089858483,b0f066a214c2f5e87bad3c948f4d605d)
Start importing Assets/VRTemplateAssets/Models/Poke/PokePointer.fbx using Guid(a7a48ffe8eca1b6418fba110a2d48baa) Importer(2089858483,b0f066a214c2f5e87bad3c948f4d605d) (ScriptedImporter) -> (artifact id: '71dbeb2e96bda76546f78b636f468c22') in 0.04135 seconds
Number of updated asset objects reloaded before import = 0Number of asset objects unloaded after import = 8

========================================================================
Received Import Request.
  Time since last request: 0.000028 seconds.
  path: Assets/VRTemplateAssets/Models/Primitives/Sphere.fbx
  artifactKey: Guid(080ad8ef2223242198a30df487d9bcbb) Importer(2089858483,b0f066a214c2f5e87bad3c948f4d605d)
Start importing Assets/VRTemplateAssets/Models/Primitives/Sphere.fbx using Guid(080ad8ef2223242198a30df487d9bcbb) Importer(2089858483,b0f066a214c2f5e87bad3c948f4d605d) (ScriptedImporter) -> (artifact id: '5cf2d0e5d0ee60b8e6fbe1143e688e2c') in 0.0338896 seconds
Number of updated asset objects reloaded before import = 0Number of asset objects unloaded after import = 8

========================================================================
Received Import Request.
  Time since last request: 0.000032 seconds.
  path: Assets/VRTemplateAssets/Sprites/UI/Joystick BG.png
  artifactKey: Guid(9fe4f9eb838ecb4419917ae68007ca2d) Importer(2089858483,b0f066a214c2f5e87bad3c948f4d605d)
Start importing Assets/VRTemplateAssets/Sprites/UI/Joystick BG.png using Guid(9fe4f9eb838ecb4419917ae68007ca2d) Importer(2089858483,b0f066a214c2f5e87bad3c948f4d605d) (ScriptedImporter) -> (artifact id: '1b21508ad622ad62aaa471fcf06a91f3') in 0.0322125 seconds
Number of updated asset objects reloaded before import = 0Number of asset objects unloaded after import = 3

========================================================================
Received Import Request.
  Time since last request: 0.000040 seconds.
  path: Assets/VRTemplateAssets/Sprites/UI/Round Radius 10 Outline.png
  artifactKey: Guid(58bc8d49e10d1bc40813d8974b8b3a5c) Importer(2089858483,b0f066a214c2f5e87bad3c948f4d605d)
Start importing Assets/VRTemplateAssets/Sprites/UI/Round Radius 10 Outline.png using Guid(58bc8d49e10d1bc40813d8974b8b3a5c) Importer(2089858483,b0f066a214c2f5e87bad3c948f4d605d) (ScriptedImporter) -> (artifact id: '9aec9a6ccb41162295132dce3f3d1626') in 0.0374964 seconds
Number of updated asset objects reloaded before import = 0Number of asset objects unloaded after import = 3

========================================================================
Received Import Request.
  Time since last request: 0.000032 seconds.
  path: Assets/VRTemplateAssets/Sprites/UI/Circle_60x60_Horizontal.png
  artifactKey: Guid(b342eb1e41a45ce41b5c7c684a17c465) Importer(2089858483,b0f066a214c2f5e87bad3c948f4d605d)
Start importing Assets/VRTemplateAssets/Sprites/UI/Circle_60x60_Horizontal.png using Guid(b342eb1e41a45ce41b5c7c684a17c465) Importer(2089858483,b0f066a214c2f5e87bad3c948f4d605d) (ScriptedImporter) -> (artifact id: '8bea1f7467e97202f5b43cb1fd25573d') in 0.0322496 seconds
Number of updated asset objects reloaded before import = 0Number of asset objects unloaded after import = 3

========================================================================
Received Import Request.
  Time since last request: 0.000033 seconds.
  path: Assets/VRTemplateAssets/Prefabs/Setup/Complete XR Origin Set Up Variant.prefab
  artifactKey: Guid(e4f332aea9a46b34bab01d9d6d17f588) Importer(2089858483,b0f066a214c2f5e87bad3c948f4d605d)
Start importing Assets/VRTemplateAssets/Prefabs/Setup/Complete XR Origin Set Up Variant.prefab using Guid(e4f332aea9a46b34bab01d9d6d17f588) Importer(2089858483,b0f066a214c2f5e87bad3c948f4d605d) (ScriptedImporter) -> (artifact id: '7937ce65832a2cbe91d560edd442f427') in 0.2580725 seconds
Number of updated asset objects reloaded before import = 0Number of asset objects unloaded after import = 1014

========================================================================
Received Import Request.
  Time since last request: 0.000042 seconds.
  path: Assets/XRI/Settings/Resources/XRDeviceSimulatorSettings.asset
  artifactKey: Guid(ecaaf479f05451c4e8e9bde3dfb67e4a) Importer(2089858483,b0f066a214c2f5e87bad3c948f4d605d)
Start importing Assets/XRI/Settings/Resources/XRDeviceSimulatorSettings.asset using Guid(ecaaf479f05451c4e8e9bde3dfb67e4a) Importer(2089858483,b0f066a214c2f5e87bad3c948f4d605d) (ScriptedImporter) -> (artifact id: '7a219b1e558bc5ffdd38bdeeddbec53e') in 0.0215469 seconds
Number of updated asset objects reloaded before import = 0Number of asset objects unloaded after import = 1

========================================================================
Received Import Request.
  Time since last request: 0.000041 seconds.
  path: Assets/Samples/XR Hands/1.7.1/HandVisualizer/README.md
  artifactKey: Guid(b0057a2d371351e41ae711f975c741e2) Importer(2089858483,b0f066a214c2f5e87bad3c948f4d605d)
Start importing Assets/Samples/XR Hands/1.7.1/HandVisualizer/README.md using Guid(b0057a2d371351e41ae711f975c741e2) Importer(2089858483,b0f066a214c2f5e87bad3c948f4d605d) (ScriptedImporter) -> (artifact id: '6312c8c4b57073967894313fb325e359') in 0.0225421 seconds
Number of updated asset objects reloaded before import = 0Number of asset objects unloaded after import = 1

========================================================================
Received Import Request.
  Time since last request: 0.000029 seconds.
  path: Assets/Samples/XR Hands/1.7.1/HandVisualizer/HandVisualizer.unity
  artifactKey: Guid(ab7acf0d9677fbe4db51bc36647d4fcb) Importer(2089858483,b0f066a214c2f5e87bad3c948f4d605d)
Start importing Assets/Samples/XR Hands/1.7.1/HandVisualizer/HandVisualizer.unity using Guid(ab7acf0d9677fbe4db51bc36647d4fcb) Importer(2089858483,b0f066a214c2f5e87bad3c948f4d605d) (ScriptedImporter) -> (artifact id: '96ed1bee77b7a266b3a89a28590f6156') in 0.0221564 seconds
Number of updated asset objects reloaded before import = 0Number of asset objects unloaded after import = 1

========================================================================
Received Import Request.
  Time since last request: 0.000036 seconds.
  path: Assets/Samples/XR Interaction Toolkit/3.3.0/Hands Interaction Demo/HandsInteractionDemo.asmdef
  artifactKey: Guid(cb2909ae488862941b33f4c055c3ed13) Importer(2089858483,b0f066a214c2f5e87bad3c948f4d605d)
Start importing Assets/Samples/XR Interaction Toolkit/3.3.0/Hands Interaction Demo/HandsInteractionDemo.asmdef using Guid(cb2909ae488862941b33f4c055c3ed13) Importer(2089858483,b0f066a214c2f5e87bad3c948f4d605d) (ScriptedImporter) -> (artifact id: 'f96e4266b090b86a59b95ae673d03027') in 0.0179627 seconds
Number of updated asset objects reloaded before import = 0Number of asset objects unloaded after import = 1

========================================================================
Received Import Request.
  Time since last request: 0.000304 seconds.
  path: Assets/XRI/Settings/Resources/InteractionLayerSettings.asset
  artifactKey: Guid(a111ee21f5eb31840bdc200167fc868b) Importer(2089858483,b0f066a214c2f5e87bad3c948f4d605d)
Start importing Assets/XRI/Settings/Resources/InteractionLayerSettings.asset using Guid(a111ee21f5eb31840bdc200167fc868b) Importer(2089858483,b0f066a214c2f5e87bad3c948f4d605d) (ScriptedImporter) -> (artifact id: '942b88fad846fdfd99ba078f445789f5') in 0.0203481 seconds
Number of updated asset objects reloaded before import = 0Number of asset objects unloaded after import = 1

========================================================================
Received Import Request.
  Time since last request: 0.000026 seconds.
  path: Assets/VRTemplateAssets/Tutorial/Images/Unity Logo.png
  artifactKey: Guid(af6a62c59f219a6419d0d3a1e6aaa037) Importer(2089858483,b0f066a214c2f5e87bad3c948f4d605d)
Start importing Assets/VRTemplateAssets/Tutorial/Images/Unity Logo.png using Guid(af6a62c59f219a6419d0d3a1e6aaa037) Importer(2089858483,b0f066a214c2f5e87bad3c948f4d605d) (ScriptedImporter) -> (artifact id: '8d32caec3fce4f959cedd16b67de858c') in 0.0302936 seconds
Number of updated asset objects reloaded before import = 0Number of asset objects unloaded after import = 3

========================================================================
Received Import Request.
  Time since last request: 0.000037 seconds.
  path: Assets/VRTemplateAssets/Materials/Primitive/torus_Normal_OpenGL.png
  artifactKey: Guid(61033fc91ee928747a8829f85e481e0b) Importer(2089858483,b0f066a214c2f5e87bad3c948f4d605d)
Start importing Assets/VRTemplateAssets/Materials/Primitive/torus_Normal_OpenGL.png using Guid(61033fc91ee928747a8829f85e481e0b) Importer(2089858483,b0f066a214c2f5e87bad3c948f4d605d) (ScriptedImporter) -> (artifact id: '2f423b630069be28836107b3fcca6fd3') in 0.044432 seconds
Number of updated asset objects reloaded before import = 0Number of asset objects unloaded after import = 1

========================================================================
Received Import Request.
  Time since last request: 0.000040 seconds.
  path: Assets/Samples/XR Hands/1.7.1/HandVisualizer/Materials/Green.mat
  artifactKey: Guid(727f87098255ad04987a60f5f08390bc) Importer(2089858483,b0f066a214c2f5e87bad3c948f4d605d)
Start importing Assets/Samples/XR Hands/1.7.1/HandVisualizer/Materials/Green.mat using Guid(727f87098255ad04987a60f5f08390bc) Importer(2089858483,b0f066a214c2f5e87bad3c948f4d605d) (ScriptedImporter) -> (artifact id: '8243566856c1dfc91b44a3987fb70e9e') in 0.0565506 seconds
Number of updated asset objects reloaded before import = 0Number of asset objects unloaded after import = 1

========================================================================
Received Import Request.
  Time since last request: 0.000023 seconds.
  path: Assets/Samples/XR Hands/1.7.1/HandVisualizer/Materials/Red.mat
  artifactKey: Guid(55fa12dc7870f1e46b6a7f8617949a86) Importer(2089858483,b0f066a214c2f5e87bad3c948f4d605d)
Start importing Assets/Samples/XR Hands/1.7.1/HandVisualizer/Materials/Red.mat using Guid(55fa12dc7870f1e46b6a7f8617949a86) Importer(2089858483,b0f066a214c2f5e87bad3c948f4d605d) (ScriptedImporter) -> (artifact id: 'b1640333d91b0e5ffccbb23a13aa9309') in 0.1196184 seconds
Number of updated asset objects reloaded before import = 0Number of asset objects unloaded after import = 1

========================================================================
Received Import Request.
  Time since last request: 0.000028 seconds.
  path: Assets/Samples/XR Hands/1.7.1/HandVisualizer/Models/RightHand.fbx
  artifactKey: Guid(56186ccf27ad7864681108ed88349071) Importer(2089858483,b0f066a214c2f5e87bad3c948f4d605d)
Start importing Assets/Samples/XR Hands/1.7.1/HandVisualizer/Models/RightHand.fbx using Guid(56186ccf27ad7864681108ed88349071) Importer(2089858483,b0f066a214c2f5e87bad3c948f4d605d) (ScriptedImporter) -> (artifact id: '69e35f0b66fc125cf55e1cf10a6f8035') in 0.1958187 seconds
Number of updated asset objects reloaded before import = 0Number of asset objects unloaded after import = 60

========================================================================
Received Import Request.
  Time since last request: 0.000041 seconds.
  path: Assets/VRTemplateAssets/Sprites/CoachingCards/cat-blush.gif
  artifactKey: Guid(a62b3deb4775d094c8c8c22b1039c019) Importer(2089858483,b0f066a214c2f5e87bad3c948f4d605d)
Start importing Assets/VRTemplateAssets/Sprites/CoachingCards/cat-blush.gif using Guid(a62b3deb4775d094c8c8c22b1039c019) Importer(2089858483,b0f066a214c2f5e87bad3c948f4d605d) (ScriptedImporter) -> (artifact id: 'b889c2ca42a3574f8e370993bde0a222') in 0.1217773 seconds
Number of updated asset objects reloaded before import = 0Number of asset objects unloaded after import = 3

========================================================================
Received Import Request.
  Time since last request: 0.000029 seconds.
  path: Assets/VRTemplateAssets/Models/UI/Spatial Panel Manipulator Model.fbx
  artifactKey: Guid(c6984c48aed9a154294088f4265d8478) Importer(2089858483,b0f066a214c2f5e87bad3c948f4d605d)
Start importing Assets/VRTemplateAssets/Models/UI/Spatial Panel Manipulator Model.fbx using Guid(c6984c48aed9a154294088f4265d8478) Importer(2089858483,b0f066a214c2f5e87bad3c948f4d605d) (ScriptedImporter) -> (artifact id: '97c4f5eeeab14a4619ef396634fa753a') in 0.0480967 seconds
Number of updated asset objects reloaded before import = 0Number of asset objects unloaded after import = 7

========================================================================
Received Import Request.
  Time since last request: 0.000040 seconds.
  path: Assets/VRTemplateAssets/Prefabs/Teleport/Teleport Anchor.prefab
  artifactKey: Guid(c4a645c929982ea41a52b5037ee7d94d) Importer(2089858483,b0f066a214c2f5e87bad3c948f4d605d)
Start importing Assets/VRTemplateAssets/Prefabs/Teleport/Teleport Anchor.prefab using Guid(c4a645c929982ea41a52b5037ee7d94d) Importer(2089858483,b0f066a214c2f5e87bad3c948f4d605d) (ScriptedImporter) -> (artifact id: 'ecf24ba82f7994c26e013b7574b3b6c3') in 0.268701 seconds
Number of updated asset objects reloaded before import = 0Number of asset objects unloaded after import = 61

========================================================================
Received Import Request.
  Time since last request: 0.000030 seconds.
  path: Assets/Samples/XR Hands/1.7.1/HandVisualizer/Prefabs/Joint.prefab
  artifactKey: Guid(254b742d65a15d14b9df756ae77de868) Importer(2089858483,b0f066a214c2f5e87bad3c948f4d605d)
Start importing Assets/Samples/XR Hands/1.7.1/HandVisualizer/Prefabs/Joint.prefab using Guid(254b742d65a15d14b9df756ae77de868) Importer(2089858483,b0f066a214c2f5e87bad3c948f4d605d) (ScriptedImporter) -> (artifact id: '98b76fca98378a8e449a3d4292a60993') in 0.0828591 seconds
Number of updated asset objects reloaded before import = 0Number of asset objects unloaded after import = 26

========================================================================
Received Import Request.
  Time since last request: 0.000036 seconds.
  path: Assets/Samples/XR Hands/1.7.1/HandVisualizer/Scripts/MaterialPipelineHandler.cs
  artifactKey: Guid(6772a216ed6f29c42abef904c7d6940d) Importer(2089858483,b0f066a214c2f5e87bad3c948f4d605d)
Start importing Assets/Samples/XR Hands/1.7.1/HandVisualizer/Scripts/MaterialPipelineHandler.cs using Guid(6772a216ed6f29c42abef904c7d6940d) Importer(2089858483,b0f066a214c2f5e87bad3c948f4d605d) (ScriptedImporter) -> (artifact id: 'b6041ff6fffaf2d2c7d07c650e7b9555') in 0.0656393 seconds
Number of updated asset objects reloaded before import = 0Number of asset objects unloaded after import = 0

========================================================================
Received Import Request.
  Time since last request: 0.000029 seconds.
  path: Assets/Scenes/3_Pool.unity
  artifactKey: Guid(3c01ee33dd77d8543ae59696b6e669df) Importer(815301076,1909f56bfc062723c751e8b465ee728b)
Start importing Assets/Scenes/3_Pool.unity using Guid(3c01ee33dd77d8543ae59696b6e669df) Importer(815301076,1909f56bfc062723c751e8b465ee728b) (PreviewImporter) -> (artifact id: '38664521a5823ae1b4249846a88afc2a') in 0.0030877 seconds
Number of updated asset objects reloaded before import = 0Number of asset objects unloaded after import = 0

========================================================================
Received Import Request.
  Time since last request: 0.000043 seconds.
  path: Assets/Samples/XR Interaction Toolkit/3.3.0/Hands Interaction Demo/DatumPresets/Under Watch Controller Follow Preset.asset
  artifactKey: Guid(979c1b69d98e91041bc1c5c6e63aab97) Importer(2089858483,b0f066a214c2f5e87bad3c948f4d605d)
Start importing Assets/Samples/XR Interaction Toolkit/3.3.0/Hands Interaction Demo/DatumPresets/Under Watch Controller Follow Preset.asset using Guid(979c1b69d98e91041bc1c5c6e63aab97) Importer(2089858483,b0f066a214c2f5e87bad3c948f4d605d) (ScriptedImporter) -> (artifact id: 'e5bc605617449db98676c35e6ade1d7a') in 0.0296825 seconds
Number of updated asset objects reloaded before import = 0Number of asset objects unloaded after import = 1

========================================================================
Received Import Request.
  Time since last request: 0.000034 seconds.
  path: Assets/Samples/XR Interaction Toolkit/3.3.0/Hands Interaction Demo/DatumPresets/Menu Controller Follow Preset.asset
  artifactKey: Guid(2899508b1645c5e4fa421b4217da9539) Importer(2089858483,b0f066a214c2f5e87bad3c948f4d605d)
Start importing Assets/Samples/XR Interaction Toolkit/3.3.0/Hands Interaction Demo/DatumPresets/Menu Controller Follow Preset.asset using Guid(2899508b1645c5e4fa421b4217da9539) Importer(2089858483,b0f066a214c2f5e87bad3c948f4d605d) (ScriptedImporter) -> (artifact id: 'e4e055d1512c2d02c5183b28ecf7229a') in 0.0990258 seconds
Number of updated asset objects reloaded before import = 0Number of asset objects unloaded after import = 1

========================================================================
Received Import Request.
  Time since last request: 0.000068 seconds.
  path: Assets/VRTemplateAssets/Models/Primitives/Tapered Cylinder.fbx
  artifactKey: Guid(759e8ecdd66ef614b844d0f68de1f901) Importer(2089858483,b0f066a214c2f5e87bad3c948f4d605d)
Start importing Assets/VRTemplateAssets/Models/Primitives/Tapered Cylinder.fbx using Guid(759e8ecdd66ef614b844d0f68de1f901) Importer(2089858483,b0f066a214c2f5e87bad3c948f4d605d) (ScriptedImporter) -> (artifact id: '051e95c752db54e12d2892ac8a78271e') in 0.0344713 seconds
Number of updated asset objects reloaded before import = 0Number of asset objects unloaded after import = 8

========================================================================
Received Import Request.
  Time since last request: 0.000026 seconds.
  path: Assets/VRTemplateAssets/Models/Environment/Blaster.fbx
  artifactKey: Guid(99cc2a1856d1d8f40954668ce0ee3a7e) Importer(2089858483,b0f066a214c2f5e87bad3c948f4d605d)
Start importing Assets/VRTemplateAssets/Models/Environment/Blaster.fbx using Guid(99cc2a1856d1d8f40954668ce0ee3a7e) Importer(2089858483,b0f066a214c2f5e87bad3c948f4d605d) (ScriptedImporter) -> (artifact id: '9d2a6b7f512e23fc2613f572b167aea1') in 0.0419141 seconds
Number of updated asset objects reloaded before import = 0Number of asset objects unloaded after import = 8

========================================================================
Received Import Request.
  Time since last request: 0.000028 seconds.
  path: Assets/VRTemplateAssets/Prefabs/Blaster/Confetti.prefab
  artifactKey: Guid(a24db55e1f9277f459f8a602b53a9bb0) Importer(2089858483,b0f066a214c2f5e87bad3c948f4d605d)
Start importing Assets/VRTemplateAssets/Prefabs/Blaster/Confetti.prefab using Guid(a24db55e1f9277f459f8a602b53a9bb0) Importer(2089858483,b0f066a214c2f5e87bad3c948f4d605d) (ScriptedImporter) -> (artifact id: '69de8e7c6abe41e915b5c62e5ea18975') in 0.2959308 seconds
Number of updated asset objects reloaded before import = 0Number of asset objects unloaded after import = 8

========================================================================
Received Import Request.
  Time since last request: 0.000042 seconds.
  path: Assets/Samples/XR Hands/1.7.1/HandVisualizer/Materials/White.mat
  artifactKey: Guid(c3474c208278e814cb8d1c29aa806e81) Importer(2089858483,b0f066a214c2f5e87bad3c948f4d605d)
Start importing Assets/Samples/XR Hands/1.7.1/HandVisualizer/Materials/White.mat using Guid(c3474c208278e814cb8d1c29aa806e81) Importer(2089858483,b0f066a214c2f5e87bad3c948f4d605d) (ScriptedImporter) -> (artifact id: '7c7a39eb2ab7068513486b53b49d60a9') in 0.0453134 seconds
Number of updated asset objects reloaded before import = 0Number of asset objects unloaded after import = 1

========================================================================
Received Import Request.
  Time since last request: 0.000048 seconds.
  path: Assets/TextMesh Pro/Shaders/TMP_Bitmap-Mobile.shader
  artifactKey: Guid(1e3b057af24249748ff873be7fafee47) Importer(2089858483,b0f066a214c2f5e87bad3c948f4d605d)
Start importing Assets/TextMesh Pro/Shaders/TMP_Bitmap-Mobile.shader using Guid(1e3b057af24249748ff873be7fafee47) Importer(2089858483,b0f066a214c2f5e87bad3c948f4d605d) (ScriptedImporter) -> (artifact id: '16819a91e68639f72842ff142b879c74') in 0.024223 seconds
Number of updated asset objects reloaded before import = 0Number of asset objects unloaded after import = 1

========================================================================
Received Import Request.
  Time since last request: 0.000042 seconds.
  path: Assets/VRTemplateAssets/Materials/Environment/FauxBackgroundBlur.mat
  artifactKey: Guid(7095bbf67c8069448a5131a144a21d04) Importer(2089858483,b0f066a214c2f5e87bad3c948f4d605d)
Start importing Assets/VRTemplateAssets/Materials/Environment/FauxBackgroundBlur.mat using Guid(7095bbf67c8069448a5131a144a21d04) Importer(2089858483,b0f066a214c2f5e87bad3c948f4d605d) (ScriptedImporter) -> (artifact id: 'c0fdea8552d6991476b451059a12dece') in 0.0299312 seconds
Number of updated asset objects reloaded before import = 0Number of asset objects unloaded after import = 1

========================================================================
Received Import Request.
  Time since last request: 0.000033 seconds.
  path: Assets/VRTemplateAssets/Materials/Skybox/skybox01_openGL.mat
  artifactKey: Guid(ec46d2188d4b8774e847e75f1e12a8db) Importer(2089858483,b0f066a214c2f5e87bad3c948f4d605d)
Start importing Assets/VRTemplateAssets/Materials/Skybox/skybox01_openGL.mat using Guid(ec46d2188d4b8774e847e75f1e12a8db) Importer(2089858483,b0f066a214c2f5e87bad3c948f4d605d) (ScriptedImporter) -> (artifact id: '5254420fac563bf25112472109aae353') in 0.0598709 seconds
Number of updated asset objects reloaded before import = 0Number of asset objects unloaded after import = 2

========================================================================
Received Import Request.
  Time since last request: 0.000029 seconds.
  path: Assets/VRTemplateAssets/Scripts/DestroyObject.cs
  artifactKey: Guid(210883af668c0fc4aab890d9ad3cfd6f) Importer(2089858483,b0f066a214c2f5e87bad3c948f4d605d)
Start importing Assets/VRTemplateAssets/Scripts/DestroyObject.cs using Guid(210883af668c0fc4aab890d9ad3cfd6f) Importer(2089858483,b0f066a214c2f5e87bad3c948f4d605d) (ScriptedImporter) -> (artifact id: '79fb1fea29c4f0d79b05e7431d21be5b') in 0.0198033 seconds
Number of updated asset objects reloaded before import = 0Number of asset objects unloaded after import = 0

========================================================================
Received Import Request.
  Time since last request: 0.000854 seconds.
  path: Assets/Scenes/SampleScene/Lightmap-0_comp_dir.png
  artifactKey: Guid(1b208c9c64896bb41804f87a20a84fad) Importer(2089858483,b0f066a214c2f5e87bad3c948f4d605d)
Start importing Assets/Scenes/SampleScene/Lightmap-0_comp_dir.png using Guid(1b208c9c64896bb41804f87a20a84fad) Importer(2089858483,b0f066a214c2f5e87bad3c948f4d605d) (ScriptedImporter) -> (artifact id: '36d8ee09838ffcb62363406cd96aa0b7') in 0.0410767 seconds
Number of updated asset objects reloaded before import = 0Number of asset objects unloaded after import = 1

========================================================================
Received Import Request.
  Time since last request: 0.000120 seconds.
  path: Assets/TextMesh Pro/Resources/Style Sheets/Default Style Sheet.asset
  artifactKey: Guid(f952c082cb03451daed3ee968ac6c63e) Importer(2089858483,b0f066a214c2f5e87bad3c948f4d605d)
Start importing Assets/TextMesh Pro/Resources/Style Sheets/Default Style Sheet.asset using Guid(f952c082cb03451daed3ee968ac6c63e) Importer(2089858483,b0f066a214c2f5e87bad3c948f4d605d) (ScriptedImporter) -> (artifact id: '8161d87234631b9f407e3baf95b41aaa') in 0.0268596 seconds
Number of updated asset objects reloaded before import = 0Number of asset objects unloaded after import = 1

========================================================================
Received Import Request.
  Time since last request: 0.000026 seconds.
  path: Assets/Scenes/BasicScene.unity
  artifactKey: Guid(4e9fef26e6adb88479ad1b9834a32d94) Importer(2089858483,b0f066a214c2f5e87bad3c948f4d605d)
Start importing Assets/Scenes/BasicScene.unity using Guid(4e9fef26e6adb88479ad1b9834a32d94) Importer(2089858483,b0f066a214c2f5e87bad3c948f4d605d) (ScriptedImporter) -> (artifact id: 'd8346800dde254a3b359ec1f23c7029b') in 0.0286334 seconds
Number of updated asset objects reloaded before import = 0Number of asset objects unloaded after import = 1

========================================================================
Received Import Request.
  Time since last request: 0.000035 seconds.
  path: Assets/Samples/XR Interaction Toolkit/3.3.0/Starter Assets/Models/Primitive_Wedge.fbx
  artifactKey: Guid(ab3a79eba4de4be0ad5fead9fb858190) Importer(2089858483,b0f066a214c2f5e87bad3c948f4d605d)
Start importing Assets/Samples/XR Interaction Toolkit/3.3.0/Starter Assets/Models/Primitive_Wedge.fbx using Guid(ab3a79eba4de4be0ad5fead9fb858190) Importer(2089858483,b0f066a214c2f5e87bad3c948f4d605d) (ScriptedImporter) -> (artifact id: '21033a8ad263551f36f6ad527d6c20ea') in 0.0549708 seconds
Number of updated asset objects reloaded before import = 0Number of asset objects unloaded after import = 9

========================================================================
Received Import Request.
  Time since last request: 0.000050 seconds.
  path: Assets/Samples/XR Interaction Toolkit/3.3.0/Hands Interaction Demo/Shaders/Unity_Hand_Noise_HDR.shadergraph
  artifactKey: Guid(882bbd70d867c23418d3e8aef80294aa) Importer(2089858483,b0f066a214c2f5e87bad3c948f4d605d)
Start importing Assets/Samples/XR Interaction Toolkit/3.3.0/Hands Interaction Demo/Shaders/Unity_Hand_Noise_HDR.shadergraph using Guid(882bbd70d867c23418d3e8aef80294aa) Importer(2089858483,b0f066a214c2f5e87bad3c948f4d605d) (ScriptedImporter) -> (artifact id: '16506e0b20ff371263c831276be0c81c') in 0.0591503 seconds
Number of updated asset objects reloaded before import = 0Number of asset objects unloaded after import = 9

========================================================================
Received Import Request.
  Time since last request: 0.000044 seconds.
  path: Assets/Samples/XR Interaction Toolkit/3.3.0/Starter Assets/Presets/XRI Default Continuous Turn.preset
  artifactKey: Guid(735a78fc7c2a98a4e85e0e42bf895f48) Importer(2089858483,b0f066a214c2f5e87bad3c948f4d605d)
Start importing Assets/Samples/XR Interaction Toolkit/3.3.0/Starter Assets/Presets/XRI Default Continuous Turn.preset using Guid(735a78fc7c2a98a4e85e0e42bf895f48) Importer(2089858483,b0f066a214c2f5e87bad3c948f4d605d) (ScriptedImporter) -> (artifact id: '7750b0ab864efde8cce8ee5ffc09deb3') in 0.0382735 seconds
Number of updated asset objects reloaded before import = 0Number of asset objects unloaded after import = 4

========================================================================
Received Import Request.
  Time since last request: 0.000031 seconds.
  path: Assets/Samples/XR Interaction Toolkit/3.3.0/Starter Assets/Presets/XRI Default Dynamic Move.preset
  artifactKey: Guid(da25954ba1a2e604294f2ccda1d6372c) Importer(2089858483,b0f066a214c2f5e87bad3c948f4d605d)
Start importing Assets/Samples/XR Interaction Toolkit/3.3.0/Starter Assets/Presets/XRI Default Dynamic Move.preset using Guid(da25954ba1a2e604294f2ccda1d6372c) Importer(2089858483,b0f066a214c2f5e87bad3c948f4d605d) (ScriptedImporter) -> (artifact id: '246220aa9fb7da08a5b13de53a2576f4') in 0.0323744 seconds
Number of updated asset objects reloaded before import = 0Number of asset objects unloaded after import = 4

========================================================================
Received Import Request.
  Time since last request: 0.000039 seconds.
  path: Assets/Samples/XR Interaction Toolkit/3.3.0/Hands Interaction Demo/Prefabs/HandPokeInteractorAffordances.prefab
  artifactKey: Guid(eed9e61964b17194d94ce56bffabb610) Importer(2089858483,b0f066a214c2f5e87bad3c948f4d605d)
Start importing Assets/Samples/XR Interaction Toolkit/3.3.0/Hands Interaction Demo/Prefabs/HandPokeInteractorAffordances.prefab using Guid(eed9e61964b17194d94ce56bffabb610) Importer(2089858483,b0f066a214c2f5e87bad3c948f4d605d) (ScriptedImporter) -> (artifact id: 'e26da05fbd5f309bb1d7dbc7e53f6b48') in 0.0739903 seconds
Number of updated asset objects reloaded before import = 0Number of asset objects unloaded after import = 10

========================================================================
Received Import Request.
  Time since last request: 0.000026 seconds.
  path: Assets/Samples/XR Interaction Toolkit/3.3.0/Starter Assets/Shaders/UI-NoZTest.shader
  artifactKey: Guid(a661e7516de55c047905f40ca76fe701) Importer(2089858483,b0f066a214c2f5e87bad3c948f4d605d)
Start importing Assets/Samples/XR Interaction Toolkit/3.3.0/Starter Assets/Shaders/UI-NoZTest.shader using Guid(a661e7516de55c047905f40ca76fe701) Importer(2089858483,b0f066a214c2f5e87bad3c948f4d605d) (ScriptedImporter) -> (artifact id: '6b42045bf208900aea3720fbe4c55a79') in 0.0232082 seconds
Number of updated asset objects reloaded before import = 0Number of asset objects unloaded after import = 1

========================================================================
Received Import Request.
  Time since last request: 0.000030 seconds.
  path: Assets/Samples/XR Interaction Toolkit/3.3.0/Starter Assets/Scripts/XRPokeFollowAffordance.cs
  artifactKey: Guid(07b3638c2f5db5b479ff24c2859713d4) Importer(2089858483,b0f066a214c2f5e87bad3c948f4d605d)
Start importing Assets/Samples/XR Interaction Toolkit/3.3.0/Starter Assets/Scripts/XRPokeFollowAffordance.cs using Guid(07b3638c2f5db5b479ff24c2859713d4) Importer(2089858483,b0f066a214c2f5e87bad3c948f4d605d) (ScriptedImporter) -> (artifact id: 'd4c285931fa7af447a2c69cd407a00e9') in 0.0279102 seconds
Number of updated asset objects reloaded before import = 0Number of asset objects unloaded after import = 0

========================================================================
Received Import Request.
  Time since last request: 0.000035 seconds.
  path: Assets/Samples/XR Interaction Toolkit/3.3.0/Starter Assets/Scripts/PlatformUnderstanding.cs
  artifactKey: Guid(3ce213c1f32595b4888e78a36e017d3e) Importer(2089858483,b0f066a214c2f5e87bad3c948f4d605d)
Start importing Assets/Samples/XR Interaction Toolkit/3.3.0/Starter Assets/Scripts/PlatformUnderstanding.cs using Guid(3ce213c1f32595b4888e78a36e017d3e) Importer(2089858483,b0f066a214c2f5e87bad3c948f4d605d) (ScriptedImporter) -> (artifact id: '400f6282a8ce68cb18234bfb25a92a95') in 0.0283633 seconds
Number of updated asset objects reloaded before import = 0Number of asset objects unloaded after import = 0

========================================================================
Received Import Request.
  Time since last request: 0.000025 seconds.
  path: Assets/Samples/XR Interaction Toolkit/3.3.0/Starter Assets/Materials/Controller_Grey.mat
  artifactKey: Guid(99685157b02e4d446bbecb015645e5e8) Importer(2089858483,b0f066a214c2f5e87bad3c948f4d605d)
Start importing Assets/Samples/XR Interaction Toolkit/3.3.0/Starter Assets/Materials/Controller_Grey.mat using Guid(99685157b02e4d446bbecb015645e5e8) Importer(2089858483,b0f066a214c2f5e87bad3c948f4d605d) (ScriptedImporter) -> (artifact id: '3cfd6a3c1bc7e177b08f8c136752782e') in 0.0338266 seconds
Number of updated asset objects reloaded before import = 0Number of asset objects unloaded after import = 2

========================================================================
Received Import Request.
  Time since last request: 0.000030 seconds.
  path: Assets/Samples/XR Interaction Toolkit/3.3.0/Hands Interaction Demo/HandsDemoSceneAssets/Materials/Table Surface.mat
  artifactKey: Guid(6c72d2d2ead00e54db4b71b27ffb03d4) Importer(2089858483,b0f066a214c2f5e87bad3c948f4d605d)
Start importing Assets/Samples/XR Interaction Toolkit/3.3.0/Hands Interaction Demo/HandsDemoSceneAssets/Materials/Table Surface.mat using Guid(6c72d2d2ead00e54db4b71b27ffb03d4) Importer(2089858483,b0f066a214c2f5e87bad3c948f4d605d) (ScriptedImporter) -> (artifact id: 'b1b3e59623b712ae24fcdb856db0dd1f') in 0.0238888 seconds
Number of updated asset objects reloaded before import = 0Number of asset objects unloaded after import = 1

========================================================================
Received Import Request.
  Time since last request: 0.000035 seconds.
  path: Assets/Samples/XR Interaction Toolkit/3.3.0/Hands Interaction Demo/HandsDemoSceneAssets/Materials/AccentButton.mat
  artifactKey: Guid(53c16fb5d5c516b40a1f6a8fc34132f3) Importer(2089858483,b0f066a214c2f5e87bad3c948f4d605d)
Start importing Assets/Samples/XR Interaction Toolkit/3.3.0/Hands Interaction Demo/HandsDemoSceneAssets/Materials/AccentButton.mat using Guid(53c16fb5d5c516b40a1f6a8fc34132f3) Importer(2089858483,b0f066a214c2f5e87bad3c948f4d605d) (ScriptedImporter) -> (artifact id: 'f129a3cbbc2624fbba448e9b0b99c1de') in 0.0239488 seconds
Number of updated asset objects reloaded before import = 0Number of asset objects unloaded after import = 2

========================================================================
Received Import Request.
  Time since last request: 0.000060 seconds.
  path: Assets/Samples/XR Interaction Toolkit/3.3.0/Hands Interaction Demo/HandsDemoSceneAssets/Audio/ButtonHover.wav
  artifactKey: Guid(9a6d738025ed59f4fb946bb59c20e774) Importer(2089858483,b0f066a214c2f5e87bad3c948f4d605d)
Start importing Assets/Samples/XR Interaction Toolkit/3.3.0/Hands Interaction Demo/HandsDemoSceneAssets/Audio/ButtonHover.wav using Guid(9a6d738025ed59f4fb946bb59c20e774) Importer(2089858483,b0f066a214c2f5e87bad3c948f4d605d) (ScriptedImporter) -> (artifact id: '7e31e0d2b1ac05906b1870c4feab8579') in 0.2018813 seconds
Number of updated asset objects reloaded before import = 0Number of asset objects unloaded after import = 1

========================================================================
Received Import Request.
  Time since last request: 0.000029 seconds.
  path: Assets/Samples/XR Interaction Toolkit/3.3.0/Starter Assets/Scripts/ObjectSpawner.cs
  artifactKey: Guid(956dd6cf70eaca449a45b6a95b96c8c1) Importer(2089858483,b0f066a214c2f5e87bad3c948f4d605d)
Start importing Assets/Samples/XR Interaction Toolkit/3.3.0/Starter Assets/Scripts/ObjectSpawner.cs using Guid(956dd6cf70eaca449a45b6a95b96c8c1) Importer(2089858483,b0f066a214c2f5e87bad3c948f4d605d) (ScriptedImporter) -> (artifact id: '8a314ead2445dcc79e2cce67da2f735b') in 0.022793 seconds
Number of updated asset objects reloaded before import = 0Number of asset objects unloaded after import = 0

========================================================================
Received Import Request.
  Time since last request: 0.000036 seconds.
  path: Assets/Samples/XR Interaction Toolkit/3.3.0/Hands Interaction Demo/HandsDemoSceneAssets/Materials/Interactable White.mat
  artifactKey: Guid(b3c19a119577be64885886bfcc8792fe) Importer(2089858483,b0f066a214c2f5e87bad3c948f4d605d)
Start importing Assets/Samples/XR Interaction Toolkit/3.3.0/Hands Interaction Demo/HandsDemoSceneAssets/Materials/Interactable White.mat using Guid(b3c19a119577be64885886bfcc8792fe) Importer(2089858483,b0f066a214c2f5e87bad3c948f4d605d) (ScriptedImporter) -> (artifact id: 'a12fc750e65150a219ca0cd2f02bceb6') in 0.030767 seconds
Number of updated asset objects reloaded before import = 0Number of asset objects unloaded after import = 7

========================================================================
Received Import Request.
  Time since last request: 0.000030 seconds.
  path: Assets/Samples/XR Interaction Toolkit/3.3.0/Starter Assets/DemoSceneAssets/Models/Primitive_Blaster.fbx
  artifactKey: Guid(e8cf87fef9298444ca38948b2c8a4073) Importer(2089858483,b0f066a214c2f5e87bad3c948f4d605d)
Start importing Assets/Samples/XR Interaction Toolkit/3.3.0/Starter Assets/DemoSceneAssets/Models/Primitive_Blaster.fbx using Guid(e8cf87fef9298444ca38948b2c8a4073) Importer(2089858483,b0f066a214c2f5e87bad3c948f4d605d) (ScriptedImporter) -> (artifact id: '1918998e966f4dfa9193ce238e9f0068') in 0.0560491 seconds
Number of updated asset objects reloaded before import = 0Number of asset objects unloaded after import = 9

========================================================================
Received Import Request.
  Time since last request: 0.000030 seconds.
  path: Assets/Samples/XR Interaction Toolkit/3.3.0/Starter Assets/DemoSceneAssets/Materials/Lit White.mat
  artifactKey: Guid(fc226930e8fad4c499969204cecfbc05) Importer(2089858483,b0f066a214c2f5e87bad3c948f4d605d)
Start importing Assets/Samples/XR Interaction Toolkit/3.3.0/Starter Assets/DemoSceneAssets/Materials/Lit White.mat using Guid(fc226930e8fad4c499969204cecfbc05) Importer(2089858483,b0f066a214c2f5e87bad3c948f4d605d) (ScriptedImporter) -> (artifact id: '3fb9d4a1fe53eba62cbb335fe05e7bd8') in 0.0261941 seconds
Number of updated asset objects reloaded before import = 0Number of asset objects unloaded after import = 2

========================================================================
Received Import Request.
  Time since last request: 0.000040 seconds.
  path: Assets/Samples/XR Interaction Toolkit/3.3.0/Starter Assets/DemoSceneAssets/Models/Primitive_Blaster_Long.fbx
  artifactKey: Guid(e51d3dbfe79e4c646bb30424a11f23a0) Importer(2089858483,b0f066a214c2f5e87bad3c948f4d605d)
Start importing Assets/Samples/XR Interaction Toolkit/3.3.0/Starter Assets/DemoSceneAssets/Models/Primitive_Blaster_Long.fbx using Guid(e51d3dbfe79e4c646bb30424a11f23a0) Importer(2089858483,b0f066a214c2f5e87bad3c948f4d605d) (ScriptedImporter) -> (artifact id: '278f899b3653d0346dac1654a1bae180') in 0.0545831 seconds
Number of updated asset objects reloaded before import = 0Number of asset objects unloaded after import = 9

========================================================================
Received Import Request.
  Time since last request: 0.000024 seconds.
  path: Assets/Samples/XR Interaction Toolkit/3.3.0/Hands Interaction Demo/Shaders/Subgraphs/AllFingerHighlights.shadersubgraph
  artifactKey: Guid(31b878b1ba6f0f548bacb4ee6ae992e9) Importer(2089858483,b0f066a214c2f5e87bad3c948f4d605d)
Start importing Assets/Samples/XR Interaction Toolkit/3.3.0/Hands Interaction Demo/Shaders/Subgraphs/AllFingerHighlights.shadersubgraph using Guid(31b878b1ba6f0f548bacb4ee6ae992e9) Importer(2089858483,b0f066a214c2f5e87bad3c948f4d605d) (ScriptedImporter) -> (artifact id: 'c9eada8e2e0b3d600961b400c3d0db72') in 0.0428291 seconds
Number of updated asset objects reloaded before import = 0Number of asset objects unloaded after import = 1

========================================================================
Received Import Request.
  Time since last request: 0.000026 seconds.
  path: Assets/Samples/XR Interaction Toolkit/3.3.0/Hands Interaction Demo/HandsDemoSceneAssets/Prefabs/TableHandle.prefab
  artifactKey: Guid(ed5fdb8d3e523e94ca6d8a239d40615a) Importer(2089858483,b0f066a214c2f5e87bad3c948f4d605d)
Start importing Assets/Samples/XR Interaction Toolkit/3.3.0/Hands Interaction Demo/HandsDemoSceneAssets/Prefabs/TableHandle.prefab using Guid(ed5fdb8d3e523e94ca6d8a239d40615a) Importer(2089858483,b0f066a214c2f5e87bad3c948f4d605d) (ScriptedImporter) -> (artifact id: 'a7243fa48ef982ae30df29c301080958') in 0.0750738 seconds
Number of updated asset objects reloaded before import = 0Number of asset objects unloaded after import = 45

========================================================================
Received Import Request.
  Time since last request: 0.000044 seconds.
  path: Assets/Samples/XR Interaction Toolkit/3.3.0/Starter Assets/DemoSceneAssets/Sprites/Checkmark.png
  artifactKey: Guid(db3e7b7c8db355e499429545071a0321) Importer(2089858483,b0f066a214c2f5e87bad3c948f4d605d)
Start importing Assets/Samples/XR Interaction Toolkit/3.3.0/Starter Assets/DemoSceneAssets/Sprites/Checkmark.png using Guid(db3e7b7c8db355e499429545071a0321) Importer(2089858483,b0f066a214c2f5e87bad3c948f4d605d) (ScriptedImporter) -> (artifact id: '5bc05d08afe5fcfc447967960ac2e121') in 0.0337469 seconds
Number of updated asset objects reloaded before import = 0Number of asset objects unloaded after import = 3

========================================================================
Received Import Request.
  Time since last request: 0.000023 seconds.
  path: Assets/Samples/XR Interaction Toolkit/3.3.0/Starter Assets/DemoSceneAssets/Prefabs/UI Sample.prefab
  artifactKey: Guid(fd28f23af44f73f4a95e33435872ad15) Importer(2089858483,b0f066a214c2f5e87bad3c948f4d605d)
Start importing Assets/Samples/XR Interaction Toolkit/3.3.0/Starter Assets/DemoSceneAssets/Prefabs/UI Sample.prefab using Guid(fd28f23af44f73f4a95e33435872ad15) Importer(2089858483,b0f066a214c2f5e87bad3c948f4d605d) (ScriptedImporter) -> (artifact id: '6288e724be71266b22ed18eaf29fe8b0') in 0.0718733 seconds
Number of updated asset objects reloaded before import = 0Number of asset objects unloaded after import = 309

========================================================================
Received Import Request.
  Time since last request: 0.000052 seconds.
  path: Assets/Samples/XR Interaction Toolkit/3.3.0/Starter Assets/Presets/XRI Default Continuous Move.preset
  artifactKey: Guid(27c5945ad36f6f147bc402250679a228) Importer(2089858483,b0f066a214c2f5e87bad3c948f4d605d)
Start importing Assets/Samples/XR Interaction Toolkit/3.3.0/Starter Assets/Presets/XRI Default Continuous Move.preset using Guid(27c5945ad36f6f147bc402250679a228) Importer(2089858483,b0f066a214c2f5e87bad3c948f4d605d) (ScriptedImporter) -> (artifact id: '75563442935365c65e5a2ddf3c056336') in 0.03229 seconds
Number of updated asset objects reloaded before import = 0Number of asset objects unloaded after import = 4

========================================================================
Received Import Request.
  Time since last request: 0.000039 seconds.
  path: Assets/Samples/XR Interaction Toolkit/3.3.0/Starter Assets/Prefabs/Interactors/Teleport Interactor.prefab
  artifactKey: Guid(c1800acf6366418a9b5f610249000331) Importer(2089858483,b0f066a214c2f5e87bad3c948f4d605d)
Start importing Assets/Samples/XR Interaction Toolkit/3.3.0/Starter Assets/Prefabs/Interactors/Teleport Interactor.prefab using Guid(c1800acf6366418a9b5f610249000331) Importer(2089858483,b0f066a214c2f5e87bad3c948f4d605d) (ScriptedImporter) -> (artifact id: 'a4da0562222542b05f6eb8509133469a') in 0.5867301 seconds
Number of updated asset objects reloaded before import = 0Number of asset objects unloaded after import = 38

========================================================================
Received Import Request.
  Time since last request: 0.000029 seconds.
  path: Assets/Samples/XR Interaction Toolkit/3.3.0/Starter Assets/DemoSceneAssets/Prefabs/Far Grab Samples.prefab
  artifactKey: Guid(f5ee409d69254d64da7a3b74d31a5a40) Importer(2089858483,b0f066a214c2f5e87bad3c948f4d605d)
Start importing Assets/Samples/XR Interaction Toolkit/3.3.0/Starter Assets/DemoSceneAssets/Prefabs/Far Grab Samples.prefab using Guid(f5ee409d69254d64da7a3b74d31a5a40) Importer(2089858483,b0f066a214c2f5e87bad3c948f4d605d) (ScriptedImporter) -> (artifact id: 'e99cb7dcb2478ba349c3c0254170f63c') in 0.0299217 seconds
Number of updated asset objects reloaded before import = 0Number of asset objects unloaded after import = 84

========================================================================
Received Import Request.
  Time since last request: 0.000040 seconds.
  path: Assets/Samples/XR Interaction Toolkit/3.3.0/Starter Assets/DemoSceneAssets/Prefabs/UI/Dropdown.prefab
  artifactKey: Guid(870459f1cb8d7b7428337cc5935feb67) Importer(2089858483,b0f066a214c2f5e87bad3c948f4d605d)
Start importing Assets/Samples/XR Interaction Toolkit/3.3.0/Starter Assets/DemoSceneAssets/Prefabs/UI/Dropdown.prefab using Guid(870459f1cb8d7b7428337cc5935feb67) Importer(2089858483,b0f066a214c2f5e87bad3c948f4d605d) (ScriptedImporter) -> (artifact id: '36d5ffc00e4ed7c554b37711cd1e5588') in 0.1121749 seconds
Number of updated asset objects reloaded before import = 0Number of asset objects unloaded after import = 61

========================================================================
Received Import Request.
  Time since last request: 0.000051 seconds.
  path: Assets/Samples/XR Interaction Toolkit/3.3.0/Hands Interaction Demo/Shaders/Subgraphs/OneFingerHighlight.shadersubgraph
  artifactKey: Guid(b8fd0258d5743d74290d71cbca4d556b) Importer(2089858483,b0f066a214c2f5e87bad3c948f4d605d)
Start importing Assets/Samples/XR Interaction Toolkit/3.3.0/Hands Interaction Demo/Shaders/Subgraphs/OneFingerHighlight.shadersubgraph using Guid(b8fd0258d5743d74290d71cbca4d556b) Importer(2089858483,b0f066a214c2f5e87bad3c948f4d605d) (ScriptedImporter) -> (artifact id: '90539dc1bc66b49858e10cc403f268ba') in 0.0300892 seconds
Number of updated asset objects reloaded before import = 0Number of asset objects unloaded after import = 1

========================================================================
Received Import Request.
  Time since last request: 0.000027 seconds.
  path: Assets/Samples/XR Interaction Toolkit/3.3.0/Starter Assets/DemoSceneAssets/Prefabs/Interactables/Cylinder.prefab
  artifactKey: Guid(2ed984a58a974166bf92c82a74380454) Importer(2089858483,b0f066a214c2f5e87bad3c948f4d605d)
Start importing Assets/Samples/XR Interaction Toolkit/3.3.0/Starter Assets/DemoSceneAssets/Prefabs/Interactables/Cylinder.prefab using Guid(2ed984a58a974166bf92c82a74380454) Importer(2089858483,b0f066a214c2f5e87bad3c948f4d605d) (ScriptedImporter) -> (artifact id: '2dc3e6505a266a23120e054ba68e999d') in 0.0486281 seconds
Number of updated asset objects reloaded before import = 0Number of asset objects unloaded after import = 25

========================================================================
Received Import Request.
  Time since last request: 0.000051 seconds.
  path: Assets/VRTemplateAssets/Scripts/HandSubsystemManager.cs
  artifactKey: Guid(7d52987a218afbc4c81f20e47e2cb295) Importer(2089858483,b0f066a214c2f5e87bad3c948f4d605d)
Start importing Assets/VRTemplateAssets/Scripts/HandSubsystemManager.cs using Guid(7d52987a218afbc4c81f20e47e2cb295) Importer(2089858483,b0f066a214c2f5e87bad3c948f4d605d) (ScriptedImporter) -> (artifact id: '7ffd7dbc9aa7d69972c626e68c86c161') in 0.0205506 seconds
Number of updated asset objects reloaded before import = 0Number of asset objects unloaded after import = 0

========================================================================
Received Import Request.
  Time since last request: 0.000024 seconds.
  path: Assets/Scenes
  artifactKey: Guid(0cc1b79de78bc4991892d4d342d7211a) Importer(815301076,1909f56bfc062723c751e8b465ee728b)
Start importing Assets/Scenes using Guid(0cc1b79de78bc4991892d4d342d7211a) Importer(815301076,1909f56bfc062723c751e8b465ee728b) (PreviewImporter) -> (artifact id: '0af7dc759e4031d58aace4bb01a842c0') in 0.0009964 seconds
Number of updated asset objects reloaded before import = 0Number of asset objects unloaded after import = 0

========================================================================
Received Import Request.
  Time since last request: 0.000026 seconds.
  path: Assets/Samples/XR Interaction Toolkit/3.3.0/Starter Assets/DemoSceneAssets/Prefabs/Interactables/Confetti.prefab
  artifactKey: Guid(7942e6544a2b2ae48bcf988d9aed838d) Importer(2089858483,b0f066a214c2f5e87bad3c948f4d605d)
Start importing Assets/Samples/XR Interaction Toolkit/3.3.0/Starter Assets/DemoSceneAssets/Prefabs/Interactables/Confetti.prefab using Guid(7942e6544a2b2ae48bcf988d9aed838d) Importer(2089858483,b0f066a214c2f5e87bad3c948f4d605d) (ScriptedImporter) -> (artifact id: '2ed5dd9ccf8a8f062cb14eb79e357408') in 0.0924685 seconds
Number of updated asset objects reloaded before import = 0Number of asset objects unloaded after import = 6

========================================================================
Received Import Request.
  Time since last request: 0.000030 seconds.
  path: Assets/TextMesh Pro/Resources/LineBreaking Following Characters.txt
  artifactKey: Guid(fade42e8bc714b018fac513c043d323b) Importer(2089858483,b0f066a214c2f5e87bad3c948f4d605d)
Start importing Assets/TextMesh Pro/Resources/LineBreaking Following Characters.txt using Guid(fade42e8bc714b018fac513c043d323b) Importer(2089858483,b0f066a214c2f5e87bad3c948f4d605d) (ScriptedImporter) -> (artifact id: 'beb34734c1093662d84b5ccf160ee25a') in 0.0195766 seconds
Number of updated asset objects reloaded before import = 0Number of asset objects unloaded after import = 1

========================================================================
Received Import Request.
  Time since last request: 0.000041 seconds.
  path: Assets/Samples/XR Interaction Toolkit/3.3.0/Hands Interaction Demo/Shaders/Unity_Hand.shadergraph
  artifactKey: Guid(bd11349dc99f3fd4083ef2f86cee9c1f) Importer(2089858483,b0f066a214c2f5e87bad3c948f4d605d)
Start importing Assets/Samples/XR Interaction Toolkit/3.3.0/Hands Interaction Demo/Shaders/Unity_Hand.shadergraph using Guid(bd11349dc99f3fd4083ef2f86cee9c1f) Importer(2089858483,b0f066a214c2f5e87bad3c948f4d605d) (ScriptedImporter) -> (artifact id: '93ea088136c5cd940710a0a32f844898') in 0.0298392 seconds
Number of updated asset objects reloaded before import = 0Number of asset objects unloaded after import = 9

========================================================================
Received Import Request.
  Time since last request: 0.000026 seconds.
  path: Assets/Samples/XR Interaction Toolkit/3.3.0/Starter Assets/Prefabs/Teleport/Climb Teleport Arrow.prefab
  artifactKey: Guid(ae1968658b9687b47976fe86c062168f) Importer(2089858483,b0f066a214c2f5e87bad3c948f4d605d)
Start importing Assets/Samples/XR Interaction Toolkit/3.3.0/Starter Assets/Prefabs/Teleport/Climb Teleport Arrow.prefab using Guid(ae1968658b9687b47976fe86c062168f) Importer(2089858483,b0f066a214c2f5e87bad3c948f4d605d) (ScriptedImporter) -> (artifact id: 'dd82d1c7b16fb569aee91534ff6cf64d') in 0.0276673 seconds
Number of updated asset objects reloaded before import = 0Number of asset objects unloaded after import = 27

========================================================================
Received Import Request.
  Time since last request: 0.000028 seconds.
  path: Assets/Samples/XR Interaction Toolkit/3.3.0/Hands Interaction Demo/HandsDemoSceneAssets/Models/Primitives/Disc.fbx
  artifactKey: Guid(c3bde1a6f623d4b569b67c73aedfebbf) Importer(2089858483,b0f066a214c2f5e87bad3c948f4d605d)
Start importing Assets/Samples/XR Interaction Toolkit/3.3.0/Hands Interaction Demo/HandsDemoSceneAssets/Models/Primitives/Disc.fbx using Guid(c3bde1a6f623d4b569b67c73aedfebbf) Importer(2089858483,b0f066a214c2f5e87bad3c948f4d605d) (ScriptedImporter) -> (artifact id: '5e0f45f20b90f78c76b68b005764e638') in 0.0457631 seconds
Number of updated asset objects reloaded before import = 0Number of asset objects unloaded after import = 8

========================================================================
Received Import Request.
  Time since last request: 0.000030 seconds.
  path: Assets/Samples/XR Interaction Toolkit/3.3.0/Starter Assets/DemoSceneAssets/Prefabs/Climb/Multi Floor Ladder.prefab
  artifactKey: Guid(652585f331bff7e44afb8fe71ec2119f) Importer(2089858483,b0f066a214c2f5e87bad3c948f4d605d)
Start importing Assets/Samples/XR Interaction Toolkit/3.3.0/Starter Assets/DemoSceneAssets/Prefabs/Climb/Multi Floor Ladder.prefab using Guid(652585f331bff7e44afb8fe71ec2119f) Importer(2089858483,b0f066a214c2f5e87bad3c948f4d605d) (ScriptedImporter) -> (artifact id: '1c1fbb1ae85efb0c0e07c7c0f29d34e9') in 0.053548 seconds
Number of updated asset objects reloaded before import = 0Number of asset objects unloaded after import = 292

========================================================================
Received Import Request.
  Time since last request: 0.000051 seconds.
  path: Assets/Samples/XR Interaction Toolkit/3.3.0/Starter Assets/DemoSceneAssets/Prefabs/Interactables/Torus-Cut.prefab
  artifactKey: Guid(833cb867d186193418fc107735ae3139) Importer(2089858483,b0f066a214c2f5e87bad3c948f4d605d)
Start importing Assets/Samples/XR Interaction Toolkit/3.3.0/Starter Assets/DemoSceneAssets/Prefabs/Interactables/Torus-Cut.prefab using Guid(833cb867d186193418fc107735ae3139) Importer(2089858483,b0f066a214c2f5e87bad3c948f4d605d) (ScriptedImporter) -> (artifact id: 'fe99d537da1df74d289d65a696087f69') in 0.0390913 seconds
Number of updated asset objects reloaded before import = 0Number of asset objects unloaded after import = 24

========================================================================
Received Import Request.
  Time since last request: 0.000027 seconds.
  path: Assets/Samples/XR Interaction Toolkit/3.3.0/Starter Assets/DemoSceneAssets/Prefabs/GazeActivationZone.prefab
  artifactKey: Guid(4f7b6e4d9c721834e97d07d4cd95bf74) Importer(2089858483,b0f066a214c2f5e87bad3c948f4d605d)
Start importing Assets/Samples/XR Interaction Toolkit/3.3.0/Starter Assets/DemoSceneAssets/Prefabs/GazeActivationZone.prefab using Guid(4f7b6e4d9c721834e97d07d4cd95bf74) Importer(2089858483,b0f066a214c2f5e87bad3c948f4d605d) (ScriptedImporter) -> (artifact id: 'ec15af94d02aaa57df91aaece4444040') in 0.0427168 seconds
Number of updated asset objects reloaded before import = 0Number of asset objects unloaded after import = 6

========================================================================
Received Import Request.
  Time since last request: 0.000028 seconds.
  path: Assets/Samples/XR Interaction Toolkit/3.3.0/Hands Interaction Demo/Shaders/Unity_Hand_Noise.shadergraph
  artifactKey: Guid(89a6790c28795dd4987bb267c3d05338) Importer(2089858483,b0f066a214c2f5e87bad3c948f4d605d)
Start importing Assets/Samples/XR Interaction Toolkit/3.3.0/Hands Interaction Demo/Shaders/Unity_Hand_Noise.shadergraph using Guid(89a6790c28795dd4987bb267c3d05338) Importer(2089858483,b0f066a214c2f5e87bad3c948f4d605d) (ScriptedImporter) -> (artifact id: '8ec1798ffeb1e7e64a0de17aab25ee49') in 0.176896 seconds
Number of updated asset objects reloaded before import = 0Number of asset objects unloaded after import = 9

========================================================================
Received Import Request.
  Time since last request: 0.000048 seconds.
  path: Assets/Samples/XR Interaction Toolkit/3.3.0/Starter Assets/Prefabs/XR Origin (XR Rig).prefab
  artifactKey: Guid(f6336ac4ac8b4d34bc5072418cdc62a0) Importer(2089858483,b0f066a214c2f5e87bad3c948f4d605d)
Start importing Assets/Samples/XR Interaction Toolkit/3.3.0/Starter Assets/Prefabs/XR Origin (XR Rig).prefab using Guid(f6336ac4ac8b4d34bc5072418cdc62a0) Importer(2089858483,b0f066a214c2f5e87bad3c948f4d605d) (ScriptedImporter) -> (artifact id: '9068ce89c6e20c371bec5861a15e66e6') in 0.1385688 seconds
Number of updated asset objects reloaded before import = 0Number of asset objects unloaded after import = 357

========================================================================
Received Import Request.
  Time since last request: 0.000045 seconds.
  path: Assets/Scenes/BasicScene/Grid.mat
  artifactKey: Guid(40d5f39ae0668b14f9d71f56c2981be7) Importer(2089858483,b0f066a214c2f5e87bad3c948f4d605d)
Start importing Assets/Scenes/BasicScene/Grid.mat using Guid(40d5f39ae0668b14f9d71f56c2981be7) Importer(2089858483,b0f066a214c2f5e87bad3c948f4d605d) (ScriptedImporter) -> (artifact id: '27588b8eb6fa5bab16b4cf11e65272be') in 0.0401934 seconds
Number of updated asset objects reloaded before import = 0Number of asset objects unloaded after import = 2

========================================================================
Received Import Request.
  Time since last request: 0.000042 seconds.
  path: Assets/TextMesh Pro/Shaders/TMP_Bitmap.shader
  artifactKey: Guid(128e987d567d4e2c824d754223b3f3b0) Importer(2089858483,b0f066a214c2f5e87bad3c948f4d605d)
Start importing Assets/TextMesh Pro/Shaders/TMP_Bitmap.shader using Guid(128e987d567d4e2c824d754223b3f3b0) Importer(2089858483,b0f066a214c2f5e87bad3c948f4d605d) (ScriptedImporter) -> (artifact id: '04c51e3ebf6c1c8326fc47dffd469b4f') in 0.0320392 seconds
Number of updated asset objects reloaded before import = 0Number of asset objects unloaded after import = 1

========================================================================
Received Import Request.
  Time since last request: 0.000029 seconds.
  path: Assets/VRTemplateAssets/Materials/Controller/DefaultMaterial_AO.png
  artifactKey: Guid(7438999bc10061a4db23c995a4d56f21) Importer(2089858483,b0f066a214c2f5e87bad3c948f4d605d)
Start importing Assets/VRTemplateAssets/Materials/Controller/DefaultMaterial_AO.png using Guid(7438999bc10061a4db23c995a4d56f21) Importer(2089858483,b0f066a214c2f5e87bad3c948f4d605d) (ScriptedImporter) -> (artifact id: '6cc7b16304619ceb42f8cab806575895') in 0.0376507 seconds
Number of updated asset objects reloaded before import = 0Number of asset objects unloaded after import = 1

Editor requested this worker to shutdown with reason: Scaling down because of idle timeout
AssetImportWorker is now disconnected from the server
Process exiting
Exiting without the bug reporter. Application will terminate with return code 0