[Licensing::Module] Trying to connect to existing licensing client channel...
Built from '6000.3/staging' branch; Version is '6000.3.9f1 (7a9955a4f2fa) revision 8034645'; Using compiler version '194234433'; Build Type 'Release'
[Licensing::IpcConnector] Successfully connected to: "LicenseClient-furansupan" at "2026-03-16T22:34:42.0002629Z"
OS: 'Windows 11  (10.0.26200) Core' Language: 'en' Physical Memory: 32693 MB
BatchMode: 1, IsHumanControllingUs: 0, StartBugReporterOnCrash: 0, Is64bit: 1
System  architecture: x64
Process architecture: x64
Date: 2026-03-16T22:34:42Z

COMMAND LINE ARGUMENTS:
D:\Unity\Editor\6000.3.9f1\Editor\Unity.exe
-adb2
-batchMode
-noUpm
-name
AssetImportWorker12
-projectPath
D:/Github Repositories/iat445/iat445
-logFile
Logs/AssetImportWorker12.log
-srvPort
50172
-licensingIpc
LicenseClient-furansupan
-job-worker-count
11
-background-job-worker-count
8
-gc-helper-count
1
-name
AssetImport
Successfully changed project path to: D:/Github Repositories/iat445/iat445
D:/Github Repositories/iat445/iat445
[UnityMemory] Configuration Parameters - Can be set up in boot.config
    "memorysetup-temp-allocator-size-nav-mesh-worker=65536"
    "memorysetup-temp-allocator-size-audio-worker=65536"
    "memorysetup-temp-allocator-size-gfx=262144"
    "memorysetup-allocator-temp-initial-block-size-main=262144"
    "memorysetup-allocator-temp-initial-block-size-worker=262144"
    "memorysetup-temp-allocator-size-background-worker=32768"
    "memorysetup-temp-allocator-size-job-worker=262144"
    "memorysetup-temp-allocator-size-preload-manager=33554432"
    "memorysetup-temp-allocator-size-gi-baking-worker=262144"
    "memorysetup-temp-allocator-size-gi-baking-worker=262144"
    "memorysetup-temp-allocator-size-gi-baking-worker=262144"
    "memorysetup-temp-allocator-size-gi-baking-worker=262144"
    "memorysetup-temp-allocator-size-gi-baking-worker=262144"
    "memorysetup-bucket-allocator-granularity=16"
    "memorysetup-bucket-allocator-bucket-count=8"
    "memorysetup-bucket-allocator-block-size=33554432"
    "memorysetup-bucket-allocator-block-count=8"
    "memorysetup-main-allocator-block-size=16777216"
    "memorysetup-thread-allocator-block-size=16777216"
    "memorysetup-gfx-main-allocator-block-size=16777216"
    "memorysetup-gfx-thread-allocator-block-size=16777216"
    "memorysetup-cache-allocator-block-size=4194304"
    "memorysetup-typetree-allocator-block-size=2097152"
    "memorysetup-profiler-bucket-allocator-granularity=16"
    "memorysetup-profiler-bucket-allocator-bucket-count=8"
    "memorysetup-profiler-bucket-allocator-block-size=33554432"
    "memorysetup-profiler-bucket-allocator-block-count=8"
    "memorysetup-profiler-allocator-block-size=16777216"
    "memorysetup-profiler-editor-allocator-block-size=1048576"
    "memorysetup-temp-allocator-size-main=16777216"
    "memorysetup-job-temp-allocator-block-size=2097152"
    "memorysetup-job-temp-allocator-block-size-background=1048576"
    "memorysetup-job-temp-allocator-reduction-small-platforms=262144"
    "memorysetup-temp-allocator-size-cloud-worker=32768"
Player connection [7748]  Target information:

Player connection [7748]  * "[IP] 192.168.1.73 [Port] 0 [Flags] 2 [Guid] 3182207993 [EditorId] 3182207993 [Version] 1048832 [Id] WindowsEditor(7,DESKTOP-UCS7CI6) [Debug] 1 [PackageName] WindowsEditor [ProjectName] Editor" 

Player connection [7748] Host joined multi-casting on [225.0.0.222:54997]...
Player connection [7748] Host joined alternative multi-casting on [225.0.0.222:34997]...
JobSystem: Creating JobQueue using job-worker-count value 11
Input System module state changed to: Initialized.
[Physics::Module] Initialized fallback backend.
[Physics::Module] Id: 0xdecafbad
Library Redirect Path: Library/
[Physics::Module] Selected backend.
[Physics::Module] Name: PhysX
[Physics::Module] Id: 0xf2b8ea05
[Physics::Module] SDK Version: 4.1.2
[Physics::Module] Integration Version: 1.0.0
[Physics::Module] Threading Mode: Multi-Threaded
Refreshing native plugins compatible for Editor in 15.24 ms, found 8 plugins.
Preloading 0 native plugins for Editor in 0.00 ms.
Initialize engine version: 6000.3.9f1 (7a9955a4f2fa)
[Subsystems] Discovering subsystems at path D:/Unity/Editor/6000.3.9f1/Editor/Data/Resources/UnitySubsystems
[Subsystems] Discovering subsystems at path D:/Github Repositories/iat445/iat445/Assets
GfxDevice: creating device client; kGfxThreadingModeNonThreaded
Direct3D:
    Version:  Direct3D 11.0 [level 11.1]
    Renderer: NVIDIA GeForce RTX 3070 (ID=0x2484)
    Vendor:   NVIDIA
    VRAM:     8018 MB
    Driver:   32.0.15.9186
Initialize mono
Mono path[0] = 'D:/Unity/Editor/6000.3.9f1/Editor/Data/Managed'
Mono path[1] = 'D:/Unity/Editor/6000.3.9f1/Editor/Data/MonoBleedingEdge/lib/mono/unityjit-win32'
Mono config path = 'D:/Unity/Editor/6000.3.9f1/Editor/Data/MonoBleedingEdge/etc'
Using monoOptions --debugger-agent=transport=dt_socket,embedding=1,server=y,suspend=n,address=127.0.0.1:56216
Begin MonoManager ReloadAssembly
Registering precompiled unity dll's ...
Register platform support module: D:/Unity/Editor/6000.3.9f1/Editor/Data/PlaybackEngines/WindowsStandaloneSupport/UnityEditor.WindowsStandalone.Extensions.dll
[Licensing::Module] Licensing is not yet initialized.
[Licensing::Client] Handshaking with LicensingClient:
  Version:                 1.17.4+4293ba1
  Session Id:              164287e5b68346929d6e0f516b9a2756
  Correlation Id:          07c7df741d03456c1e440d491689c651
  External correlation Id: 1469684557290809261
  Machine Id:              /bDJ+qBQanEKSmET3CKn1ku2+fI=
[Licensing::Module] Successfully connected to LicensingClient on channel: "LicenseClient-furansupan" (connect: 0.00s, validation: 0.00s, handshake: 0.93s)
[Licensing::IpcConnector] Successfully connected to: "LicenseClient-furansupan-notifications" at "2026-03-16T22:34:42.9367568Z"
[Licensing::Module] Licensing Background thread has ended after 0.94s
[Licensing::Module] Licensing is initialized (took 0.04s).
[Licensing::Client] Successfully resolved entitlement details
[Licensing::Module] License group:
  Id: 3574294610923-UnityPersXXXX
  Product: Unity Personal
  Type: Assigned
  Expiration: Unlimited
Register platform support module: D:/Unity/Editor/6000.3.9f1/Editor/Data/PlaybackEngines/AndroidPlayer/UnityEditor.Android.Extensions.dll
Registered in 0.048842 seconds.
- Loaded All Assemblies, in  0.403 seconds
Native extension for Android target not found
Android Extension - Scanning For ADB Devices 260 ms
Native extension for WindowsStandalone target not found
ScheduleIndexationOnStartup MainProcess:False IndexOnStartup:True
Mono: successfully reloaded assembly
- Finished resetting the current domain, in  0.661 seconds
Domain Reload Profiling: 1063ms
	BeginReloadAssembly (125ms)
		ExecutionOrderSort (0ms)
		DisableScriptedObjects (0ms)
		BackupInstance (0ms)
		ReleaseScriptingObjects (0ms)
		CreateAndSetChildDomain (1ms)
	RebuildCommonClasses (32ms)
	RebuildNativeTypeToScriptingClass (10ms)
	initialDomainReloadingComplete (86ms)
	LoadAllAssembliesAndSetupDomain (149ms)
		LoadAssemblies (124ms)
		RebuildTransferFunctionScriptingTraits (0ms)
		AnalyzeDomain (145ms)
			TypeCache.Refresh (143ms)
				TypeCache.ScanAssembly (132ms)
			BuildScriptInfoCaches (0ms)
			ResolveRequiredComponents (0ms)
	FinalizeReload (661ms)
		ReleaseScriptCaches (0ms)
		RebuildScriptCaches (0ms)
		SetupLoadedEditorAssemblies (620ms)
			LogAssemblyErrors (0ms)
			InitializePlatformSupportModulesInManaged (348ms)
			SetLoadedEditorAssemblies (3ms)
			BeforeProcessingInitializeOnLoad (74ms)
			ProcessInitializeOnLoadAttributes (131ms)
			ProcessInitializeOnLoadMethodAttributes (64ms)
			AfterProcessingInitializeOnLoad (0ms)
			EditorAssembliesLoaded (0ms)
		ExecutionOrderSort2 (0ms)
		AwakeInstancesAfterBackupRestoration (0ms)
========================================================================
Worker process is ready to serve import requests
Import Worker Mode flag is 0x00
Begin MonoManager ReloadAssembly
[Licensing::Client] Successfully resolved entitlement details
- Loaded All Assemblies, in  0.955 seconds
Refreshing native plugins compatible for Editor in 7.19 ms, found 8 plugins.
Native extension for Android target not found
Native extension for WindowsStandalone target not found
Package Manager log level set to [2]
[Package Manager] Failed to launch server process. Reason: Unity was launched with the -noUpm command-line argument
[Package Manager] Unable to send message (not connected to server process).
[Package Manager] Cannot connect to Unity Package Manager local server
ScheduleIndexationOnStartup MainProcess:False IndexOnStartup:True
Mono: successfully reloaded assembly
[Package Manager] Failed to launch server process. Reason: Unity was launched with the -noUpm command-line argument
[Package Manager] Unable to send message (not connected to server process).
[Package Manager] Cannot connect to Unity Package Manager local server
[Package Manager] Failed to launch server process. Reason: Unity was launched with the -noUpm command-line argument
[Package Manager] Unable to send message (not connected to server process).
[Package Manager] Cannot connect to Unity Package Manager local server
- Finished resetting the current domain, in  0.735 seconds
Domain Reload Profiling: 1688ms
	BeginReloadAssembly (418ms)
		ExecutionOrderSort (0ms)
		DisableScriptedObjects (6ms)
		BackupInstance (0ms)
		ReleaseScriptingObjects (0ms)
		CreateAndSetChildDomain (31ms)
	RebuildCommonClasses (35ms)
	RebuildNativeTypeToScriptingClass (11ms)
	initialDomainReloadingComplete (36ms)
	LoadAllAssembliesAndSetupDomain (452ms)
		LoadAssemblies (333ms)
		RebuildTransferFunctionScriptingTraits (0ms)
		AnalyzeDomain (219ms)
			TypeCache.Refresh (146ms)
				TypeCache.ScanAssembly (132ms)
			BuildScriptInfoCaches (58ms)
			ResolveRequiredComponents (11ms)
	FinalizeReload (736ms)
		ReleaseScriptCaches (0ms)
		RebuildScriptCaches (0ms)
		SetupLoadedEditorAssemblies (599ms)
			LogAssemblyErrors (0ms)
			InitializePlatformSupportModulesInManaged (9ms)
			SetLoadedEditorAssemblies (3ms)
			BeforeProcessingInitializeOnLoad (137ms)
			ProcessInitializeOnLoadAttributes (285ms)
			ProcessInitializeOnLoadMethodAttributes (162ms)
			AfterProcessingInitializeOnLoad (3ms)
			EditorAssembliesLoaded (0ms)
		ExecutionOrderSort2 (0ms)
		AwakeInstancesAfterBackupRestoration (6ms)
WARNING: Shader Unsupported: 'Simulation/Standard Lit' - All subshaders removed
WARNING: Shader Did you use #pragma only_renderers and omit this platform?
WARNING: Shader If subshaders removal was intentional, you may have forgotten turning Fallback off?
WARNING: Shader Unsupported: 'Simulation/Standard Lit' - All subshaders removed
WARNING: Shader Did you use #pragma only_renderers and omit this platform?
WARNING: Shader If subshaders removal was intentional, you may have forgotten turning Fallback off?
WARNING: Shader Unsupported: 'Simulation/URP/Room X-Ray' - All subshaders removed
WARNING: Shader Did you use #pragma only_renderers and omit this platform?
WARNING: Shader If subshaders removal was intentional, you may have forgotten turning Fallback off?
WARNING: Shader Unsupported: 'Simulation/URP/Room X-Ray' - All subshaders removed
WARNING: Shader Did you use #pragma only_renderers and omit this platform?
WARNING: Shader If subshaders removal was intentional, you may have forgotten turning Fallback off?
WARNING: Shader Unsupported: 'Simulation/URP/Lit' - All subshaders removed
WARNING: Shader Did you use #pragma only_renderers and omit this platform?
WARNING: Shader If subshaders removal was intentional, you may have forgotten turning Fallback off?
WARNING: Shader Unsupported: 'Simulation/URP/Lit' - All subshaders removed
WARNING: Shader Did you use #pragma only_renderers and omit this platform?
WARNING: Shader If subshaders removal was intentional, you may have forgotten turning Fallback off?
WARNING: Shader Unsupported: 'Hidden/Simulation/URP/Synthetic' - All subshaders removed
WARNING: Shader Did you use #pragma only_renderers and omit this platform?
WARNING: Shader If subshaders removal was intentional, you may have forgotten turning Fallback off?
WARNING: Shader Unsupported: 'Hidden/Simulation/URP/Synthetic' - All subshaders removed
WARNING: Shader Did you use #pragma only_renderers and omit this platform?
WARNING: Shader If subshaders removal was intentional, you may have forgotten turning Fallback off?
WARNING: Shader Unsupported: 'Hidden/Simulation/Synthetic Lit' - All subshaders removed
WARNING: Shader Did you use #pragma only_renderers and omit this platform?
WARNING: Shader If subshaders removal was intentional, you may have forgotten turning Fallback off?
WARNING: Shader Unsupported: 'Hidden/Simulation/Synthetic Lit' - All subshaders removed
WARNING: Shader Did you use #pragma only_renderers and omit this platform?
WARNING: Shader If subshaders removal was intentional, you may have forgotten turning Fallback off?
WARNING: Shader Unsupported: 'Simulation/Room X-Ray' - All subshaders removed
WARNING: Shader Did you use #pragma only_renderers and omit this platform?
WARNING: Shader If subshaders removal was intentional, you may have forgotten turning Fallback off?
WARNING: Shader Unsupported: 'Simulation/Room X-Ray' - All subshaders removed
WARNING: Shader Did you use #pragma only_renderers and omit this platform?
WARNING: Shader If subshaders removal was intentional, you may have forgotten turning Fallback off?
Launched and connected shader compiler UnityShaderCompiler.exe after 0.02 seconds
Refreshing native plugins compatible for Editor in 7.26 ms, found 8 plugins.
Preloading 0 native plugins for Editor in 0.00 ms.
Unloading 34 Unused Serialized files (Serialized files now loaded: 0)
Unloading 6406 unused Assets / (9.9 MB). Loaded Objects now: 7271.
Memory consumption went from 173.0 MB to 163.1 MB.
Total: 10.687500 ms (FindLiveObjects: 0.875900 ms CreateObjectMapping: 0.608300 ms MarkObjects: 5.268500 ms  DeleteObjects: 3.934000 ms)

========================================================================
Received Prepare
Begin MonoManager ReloadAssembly
- Loaded All Assemblies, in  0.759 seconds
Refreshing native plugins compatible for Editor in 7.26 ms, found 8 plugins.
Native extension for Android target not found
Native extension for WindowsStandalone target not found
[Package Manager] Failed to launch server process. Reason: Unity was launched with the -noUpm command-line argument
[Package Manager] Unable to send message (not connected to server process).
[Package Manager] Cannot connect to Unity Package Manager local server
ScheduleIndexationOnStartup MainProcess:False IndexOnStartup:True
Mono: successfully reloaded assembly
[Package Manager] Failed to launch server process. Reason: Unity was launched with the -noUpm command-line argument
[Package Manager] Unable to send message (not connected to server process).
[Package Manager] Cannot connect to Unity Package Manager local server
- Finished resetting the current domain, in  0.812 seconds
Domain Reload Profiling: 1572ms
	BeginReloadAssembly (248ms)
		ExecutionOrderSort (0ms)
		DisableScriptedObjects (6ms)
		BackupInstance (0ms)
		ReleaseScriptingObjects (0ms)
		CreateAndSetChildDomain (58ms)
	RebuildCommonClasses (34ms)
	RebuildNativeTypeToScriptingClass (12ms)
	initialDomainReloadingComplete (25ms)
	LoadAllAssembliesAndSetupDomain (442ms)
		LoadAssemblies (375ms)
		RebuildTransferFunctionScriptingTraits (0ms)
		AnalyzeDomain (182ms)
			TypeCache.Refresh (10ms)
				TypeCache.ScanAssembly (0ms)
			BuildScriptInfoCaches (157ms)
			ResolveRequiredComponents (11ms)
	FinalizeReload (812ms)
		ReleaseScriptCaches (0ms)
		RebuildScriptCaches (0ms)
		SetupLoadedEditorAssemblies (619ms)
			LogAssemblyErrors (0ms)
			InitializePlatformSupportModulesInManaged (8ms)
			SetLoadedEditorAssemblies (3ms)
			BeforeProcessingInitializeOnLoad (142ms)
			ProcessInitializeOnLoadAttributes (338ms)
			ProcessInitializeOnLoadMethodAttributes (124ms)
			AfterProcessingInitializeOnLoad (3ms)
			EditorAssembliesLoaded (0ms)
		ExecutionOrderSort2 (0ms)
		AwakeInstancesAfterBackupRestoration (18ms)
WARNING: Shader Unsupported: 'Simulation/Standard Lit' - All subshaders removed
WARNING: Shader Did you use #pragma only_renderers and omit this platform?
WARNING: Shader If subshaders removal was intentional, you may have forgotten turning Fallback off?
WARNING: Shader Unsupported: 'Simulation/Standard Lit' - All subshaders removed
WARNING: Shader Did you use #pragma only_renderers and omit this platform?
WARNING: Shader If subshaders removal was intentional, you may have forgotten turning Fallback off?
WARNING: Shader Unsupported: 'Simulation/URP/Room X-Ray' - All subshaders removed
WARNING: Shader Did you use #pragma only_renderers and omit this platform?
WARNING: Shader If subshaders removal was intentional, you may have forgotten turning Fallback off?
WARNING: Shader Unsupported: 'Simulation/URP/Room X-Ray' - All subshaders removed
WARNING: Shader Did you use #pragma only_renderers and omit this platform?
WARNING: Shader If subshaders removal was intentional, you may have forgotten turning Fallback off?
WARNING: Shader Unsupported: 'Simulation/URP/Lit' - All subshaders removed
WARNING: Shader Did you use #pragma only_renderers and omit this platform?
WARNING: Shader If subshaders removal was intentional, you may have forgotten turning Fallback off?
WARNING: Shader Unsupported: 'Simulation/URP/Lit' - All subshaders removed
WARNING: Shader Did you use #pragma only_renderers and omit this platform?
WARNING: Shader If subshaders removal was intentional, you may have forgotten turning Fallback off?
WARNING: Shader Unsupported: 'Hidden/Simulation/URP/Synthetic' - All subshaders removed
WARNING: Shader Did you use #pragma only_renderers and omit this platform?
WARNING: Shader If subshaders removal was intentional, you may have forgotten turning Fallback off?
WARNING: Shader Unsupported: 'Hidden/Simulation/URP/Synthetic' - All subshaders removed
WARNING: Shader Did you use #pragma only_renderers and omit this platform?
WARNING: Shader If subshaders removal was intentional, you may have forgotten turning Fallback off?
WARNING: Shader Unsupported: 'Hidden/Simulation/Synthetic Lit' - All subshaders removed
WARNING: Shader Did you use #pragma only_renderers and omit this platform?
WARNING: Shader If subshaders removal was intentional, you may have forgotten turning Fallback off?
WARNING: Shader Unsupported: 'Hidden/Simulation/Synthetic Lit' - All subshaders removed
WARNING: Shader Did you use #pragma only_renderers and omit this platform?
WARNING: Shader If subshaders removal was intentional, you may have forgotten turning Fallback off?
WARNING: Shader Unsupported: 'Simulation/Room X-Ray' - All subshaders removed
WARNING: Shader Did you use #pragma only_renderers and omit this platform?
WARNING: Shader If subshaders removal was intentional, you may have forgotten turning Fallback off?
WARNING: Shader Unsupported: 'Simulation/Room X-Ray' - All subshaders removed
WARNING: Shader Did you use #pragma only_renderers and omit this platform?
WARNING: Shader If subshaders removal was intentional, you may have forgotten turning Fallback off?
Refreshing native plugins compatible for Editor in 8.75 ms, found 8 plugins.
Preloading 0 native plugins for Editor in 0.00 ms.
Unloading 34 Unused Serialized files (Serialized files now loaded: 0)
Unloading 6551 unused Assets / (10.6 MB). Loaded Objects now: 7286.
Memory consumption went from 203.2 MB to 192.6 MB.
Total: 12.962400 ms (FindLiveObjects: 0.972900 ms CreateObjectMapping: 0.463800 ms MarkObjects: 6.386400 ms  DeleteObjects: 5.138500 ms)

Prepare: number of updated asset objects reloaded= 0
========================================================================
Received Import Request.
  Time since last request: 340377.561367 seconds.
  path: Assets/Scenes/CodingTest.unity
  artifactKey: Guid(0b6fa7bb681ed324b8a505f394367927) Importer(2089858483,b0f066a214c2f5e87bad3c948f4d605d)
Start importing Assets/Scenes/CodingTest.unity using Guid(0b6fa7bb681ed324b8a505f394367927) Importer(2089858483,b0f066a214c2f5e87bad3c948f4d605d) (ScriptedImporter) -> (artifact id: 'e50a708f564d78e0a803dbfebc5f49ce') in 0.0859794 seconds
Number of updated asset objects reloaded before import = 0Number of asset objects unloaded after import = 1

========================================================================
Received Import Request.
  Time since last request: 0.000021 seconds.
  path: Assets/VHS/PostEffects/Scanlines/Material.mat
  artifactKey: Guid(34707840cacc149bbae1e03a783fcb40) Importer(2089858483,b0f066a214c2f5e87bad3c948f4d605d)
Start importing Assets/VHS/PostEffects/Scanlines/Material.mat using Guid(34707840cacc149bbae1e03a783fcb40) Importer(2089858483,b0f066a214c2f5e87bad3c948f4d605d) (ScriptedImporter) -> (artifact id: '3c8eb9440abdfd3d7aaed20d964f67e3') in 0.0373286 seconds
Number of updated asset objects reloaded before import = 0Number of asset objects unloaded after import = 1

========================================================================
Received Prepare
WARNING: Shader Unsupported: 'Simulation/Standard Lit' - All subshaders removed
WARNING: Shader Did you use #pragma only_renderers and omit this platform?
WARNING: Shader If subshaders removal was intentional, you may have forgotten turning Fallback off?
WARNING: Shader Unsupported: 'Simulation/Standard Lit' - All subshaders removed
WARNING: Shader Did you use #pragma only_renderers and omit this platform?
WARNING: Shader If subshaders removal was intentional, you may have forgotten turning Fallback off?
WARNING: Shader Unsupported: 'Simulation/URP/Room X-Ray' - All subshaders removed
WARNING: Shader Did you use #pragma only_renderers and omit this platform?
WARNING: Shader If subshaders removal was intentional, you may have forgotten turning Fallback off?
WARNING: Shader Unsupported: 'Simulation/URP/Room X-Ray' - All subshaders removed
WARNING: Shader Did you use #pragma only_renderers and omit this platform?
WARNING: Shader If subshaders removal was intentional, you may have forgotten turning Fallback off?
WARNING: Shader Unsupported: 'Simulation/URP/Lit' - All subshaders removed
WARNING: Shader Did you use #pragma only_renderers and omit this platform?
WARNING: Shader If subshaders removal was intentional, you may have forgotten turning Fallback off?
WARNING: Shader Unsupported: 'Simulation/URP/Lit' - All subshaders removed
WARNING: Shader Did you use #pragma only_renderers and omit this platform?
WARNING: Shader If subshaders removal was intentional, you may have forgotten turning Fallback off?
WARNING: Shader Unsupported: 'Hidden/Simulation/URP/Synthetic' - All subshaders removed
WARNING: Shader Did you use #pragma only_renderers and omit this platform?
WARNING: Shader If subshaders removal was intentional, you may have forgotten turning Fallback off?
WARNING: Shader Unsupported: 'Hidden/Simulation/URP/Synthetic' - All subshaders removed
WARNING: Shader Did you use #pragma only_renderers and omit this platform?
WARNING: Shader If subshaders removal was intentional, you may have forgotten turning Fallback off?
WARNING: Shader Unsupported: 'Hidden/Simulation/Synthetic Lit' - All subshaders removed
WARNING: Shader Did you use #pragma only_renderers and omit this platform?
WARNING: Shader If subshaders removal was intentional, you may have forgotten turning Fallback off?
WARNING: Shader Unsupported: 'Hidden/Simulation/Synthetic Lit' - All subshaders removed
WARNING: Shader Did you use #pragma only_renderers and omit this platform?
WARNING: Shader If subshaders removal was intentional, you may have forgotten turning Fallback off?
WARNING: Shader Unsupported: 'Simulation/Room X-Ray' - All subshaders removed
WARNING: Shader Did you use #pragma only_renderers and omit this platform?
WARNING: Shader If subshaders removal was intentional, you may have forgotten turning Fallback off?
WARNING: Shader Unsupported: 'Simulation/Room X-Ray' - All subshaders removed
WARNING: Shader Did you use #pragma only_renderers and omit this platform?
WARNING: Shader If subshaders removal was intentional, you may have forgotten turning Fallback off?
Refreshing native plugins compatible for Editor in 8.27 ms, found 8 plugins.
Preloading 0 native plugins for Editor in 0.00 ms.
Unloading 37 Unused Serialized files (Serialized files now loaded: 0)
Unloading 6406 unused Assets / (10.9 MB). Loaded Objects now: 7344.
Memory consumption went from 180.6 MB to 169.7 MB.
Total: 17.240000 ms (FindLiveObjects: 0.805000 ms CreateObjectMapping: 0.544500 ms MarkObjects: 7.931900 ms  DeleteObjects: 7.957400 ms)

Prepare: number of updated asset objects reloaded= 0
========================================================================
Received Import Request.
  Time since last request: 72.526594 seconds.
  path: Assets/XRISamples/Scenes/XRI_Examples_Main/Lightmap-5_comp_dir.png
  artifactKey: Guid(58501881abecd1a45875f72070e35b41) Importer(2089858483,b0f066a214c2f5e87bad3c948f4d605d)
Start importing Assets/XRISamples/Scenes/XRI_Examples_Main/Lightmap-5_comp_dir.png using Guid(58501881abecd1a45875f72070e35b41) Importer(2089858483,b0f066a214c2f5e87bad3c948f4d605d) (ScriptedImporter)[Licensing::Client] Successfully resolved entitlement details
 -> (artifact id: '78118282f41c35d0984ffc091d8fddb4') in 0.0804862 seconds
Number of updated asset objects reloaded before import = 0Number of asset objects unloaded after import = 1

========================================================================
Received Import Request.
  Time since last request: 0.000023 seconds.
  path: Assets/XRISamples/Setup/Models
  artifactKey: Guid(c717aef2963094847911e95df761a7b0) Importer(2089858483,b0f066a214c2f5e87bad3c948f4d605d)
Start importing Assets/XRISamples/Setup/Models using Guid(c717aef2963094847911e95df761a7b0) Importer(2089858483,b0f066a214c2f5e87bad3c948f4d605d) (ScriptedImporter) -> (artifact id: 'b138426f3dc7c6d8b2bf6b6db6bce776') in 0.0095438 seconds
Number of updated asset objects reloaded before import = 0Number of asset objects unloaded after import = 1

========================================================================
Received Import Request.
  Time since last request: 0.000031 seconds.
  path: Assets/XRISamples/ActivateInteractables/Materials/Megaphone_FlatBlack.mat
  artifactKey: Guid(153bed33080d2e842978502908cc410d) Importer(2089858483,b0f066a214c2f5e87bad3c948f4d605d)
Start importing Assets/XRISamples/ActivateInteractables/Materials/Megaphone_FlatBlack.mat using Guid(153bed33080d2e842978502908cc410d) Importer(2089858483,b0f066a214c2f5e87bad3c948f4d605d) (ScriptedImporter) -> (artifact id: '1ccaea809ae8e4bf1fa1293071fb5c19') in 0.0170982 seconds
Number of updated asset objects reloaded before import = 0Number of asset objects unloaded after import = 2

========================================================================
Received Import Request.
  Time since last request: 0.000022 seconds.
  path: Assets/XRISamples/UI_3D
  artifactKey: Guid(2463f0d067ea6d0478a59f946d8652cb) Importer(2089858483,b0f066a214c2f5e87bad3c948f4d605d)
Start importing Assets/XRISamples/UI_3D using Guid(2463f0d067ea6d0478a59f946d8652cb) Importer(2089858483,b0f066a214c2f5e87bad3c948f4d605d) (ScriptedImporter) -> (artifact id: '17e9263da0213a83bc1685f51370ee4b') in 0.0142437 seconds
Number of updated asset objects reloaded before import = 0Number of asset objects unloaded after import = 1

========================================================================
Received Import Request.
  Time since last request: 0.000021 seconds.
  path: Assets/XRISamples/Scenes/XRI_Examples_Main/Lightmap-19_comp_dir.png
  artifactKey: Guid(66b87c82f5f55874387c2fe0d52960d5) Importer(2089858483,b0f066a214c2f5e87bad3c948f4d605d)
Start importing Assets/XRISamples/Scenes/XRI_Examples_Main/Lightmap-19_comp_dir.png using Guid(66b87c82f5f55874387c2fe0d52960d5) Importer(2089858483,b0f066a214c2f5e87bad3c948f4d605d) (ScriptedImporter) -> (artifact id: '45fe4e1574c5b178aafc7b9ac65a9fe7') in 0.0157005 seconds
Number of updated asset objects reloaded before import = 0Number of asset objects unloaded after import = 1

========================================================================
Received Import Request.
  Time since last request: 0.000019 seconds.
  path: Assets/XRISamples/UI_2D/Prefabs/LoadingIndicator
  artifactKey: Guid(c00631debf6761847a136439424bcf84) Importer(2089858483,b0f066a214c2f5e87bad3c948f4d605d)
Start importing Assets/XRISamples/UI_2D/Prefabs/LoadingIndicator using Guid(c00631debf6761847a136439424bcf84) Importer(2089858483,b0f066a214c2f5e87bad3c948f4d605d) (ScriptedImporter) -> (artifact id: 'e168f168a9671cae75508bd29f8130aa') in 0.0148817 seconds
Number of updated asset objects reloaded before import = 0Number of asset objects unloaded after import = 1

========================================================================
Received Import Request.
  Time since last request: 0.000021 seconds.
  path: Assets/XRISamples/Global/Textures
  artifactKey: Guid(699a47436cf736e41aa3f897bc1e292f) Importer(2089858483,b0f066a214c2f5e87bad3c948f4d605d)
Start importing Assets/XRISamples/Global/Textures using Guid(699a47436cf736e41aa3f897bc1e292f) Importer(2089858483,b0f066a214c2f5e87bad3c948f4d605d) (ScriptedImporter) -> (artifact id: '1b5775d3d5110c1ea632d6d6fd4a38d8') in 0.011806 seconds
Number of updated asset objects reloaded before import = 0Number of asset objects unloaded after import = 1

========================================================================
Received Import Request.
  Time since last request: 0.000037 seconds.
  path: Assets/XRISamples/VRWalkthrough/Scripts/UI/ZoneScale.cs
  artifactKey: Guid(f3116b93585e947a59ce152e3e69dba8) Importer(2089858483,b0f066a214c2f5e87bad3c948f4d605d)
Start importing Assets/XRISamples/VRWalkthrough/Scripts/UI/ZoneScale.cs using Guid(f3116b93585e947a59ce152e3e69dba8) Importer(2089858483,b0f066a214c2f5e87bad3c948f4d605d) (ScriptedImporter) -> (artifact id: '4b6afc0c5ebab6bb511404ccf8f44dcf') in 0.0235761 seconds
Number of updated asset objects reloaded before import = 0Number of asset objects unloaded after import = 0

========================================================================
Received Import Request.
  Time since last request: 0.000038 seconds.
  path: Assets/XRISamples/UI_3D/Prefabs/ClawMachine/SheepPrize_Black.prefab
  artifactKey: Guid(2329e12a64186004baae59f17ea8dd48) Importer(2089858483,b0f066a214c2f5e87bad3c948f4d605d)
Start importing Assets/XRISamples/UI_3D/Prefabs/ClawMachine/SheepPrize_Black.prefab using Guid(2329e12a64186004baae59f17ea8dd48) Importer(2089858483,b0f066a214c2f5e87bad3c948f4d605d) (ScriptedImporter) -> (artifact id: 'e87193163da51fbc824a6e6862bbbb9b') in 0.1022623 seconds
Number of updated asset objects reloaded before import = 0Number of asset objects unloaded after import = 21

========================================================================
Received Import Request.
  Time since last request: 0.000023 seconds.
  path: Assets/XRISamples/UI_3D/Prefabs/Lever.prefab
  artifactKey: Guid(36eff8b49ecdca745894efb1d2ce5f8f) Importer(2089858483,b0f066a214c2f5e87bad3c948f4d605d)
Start importing Assets/XRISamples/UI_3D/Prefabs/Lever.prefab using Guid(36eff8b49ecdca745894efb1d2ce5f8f) Importer(2089858483,b0f066a214c2f5e87bad3c948f4d605d) (ScriptedImporter) -> (artifact id: '0f3b1f60e110f41b2cf90f6052622a1d') in 0.0180319 seconds
Number of updated asset objects reloaded before import = 0Number of asset objects unloaded after import = 25

========================================================================
Received Import Request.
  Time since last request: 0.000050 seconds.
  path: Assets/XRISamples/ActivateInteractables/Audio
  artifactKey: Guid(594ee0ec80cdaec4ab8ee16fd577374d) Importer(2089858483,b0f066a214c2f5e87bad3c948f4d605d)
Start importing Assets/XRISamples/ActivateInteractables/Audio using Guid(594ee0ec80cdaec4ab8ee16fd577374d) Importer(2089858483,b0f066a214c2f5e87bad3c948f4d605d) (ScriptedImporter) -> (artifact id: '8ae4ae5b7c63d83633f1874e965fc8a9') in 0.0130679 seconds
Number of updated asset objects reloaded before import = 0Number of asset objects unloaded after import = 1

========================================================================
Received Import Request.
  Time since last request: 0.000022 seconds.
  path: Assets/XRISamples/Global/Scripts/Analytics/Utils
  artifactKey: Guid(17dcd5af6cecf5848a8da9b3a6b25a39) Importer(2089858483,b0f066a214c2f5e87bad3c948f4d605d)
Start importing Assets/XRISamples/Global/Scripts/Analytics/Utils using Guid(17dcd5af6cecf5848a8da9b3a6b25a39) Importer(2089858483,b0f066a214c2f5e87bad3c948f4d605d) (ScriptedImporter) -> (artifact id: 'e9bcb493151c717ba8660c9a9b4b5ef1') in 0.0144029 seconds
Number of updated asset objects reloaded before import = 0Number of asset objects unloaded after import = 1

========================================================================
Received Import Request.
  Time since last request: 0.000013 seconds.
  path: Assets/XRISamples/Setup/Scripts/TargetFilterToggle.cs
  artifactKey: Guid(77480361fe46d7343a4791450a43abd3) Importer(2089858483,b0f066a214c2f5e87bad3c948f4d605d)
Start importing Assets/XRISamples/Setup/Scripts/TargetFilterToggle.cs using Guid(77480361fe46d7343a4791450a43abd3) Importer(2089858483,b0f066a214c2f5e87bad3c948f4d605d) (ScriptedImporter) -> (artifact id: 'f7ef7cd8150636fb172516bf31d04d87') in 0.0136909 seconds
Number of updated asset objects reloaded before import = 0Number of asset objects unloaded after import = 0

========================================================================
Received Import Request.
  Time since last request: 0.000021 seconds.
  path: Assets/XRISamples/UI_3D/Scripts/ClawMachine/ClawMachine.cs
  artifactKey: Guid(025c853820e7fb844819416ecae0f5e9) Importer(2089858483,b0f066a214c2f5e87bad3c948f4d605d)
Start importing Assets/XRISamples/UI_3D/Scripts/ClawMachine/ClawMachine.cs using Guid(025c853820e7fb844819416ecae0f5e9) Importer(2089858483,b0f066a214c2f5e87bad3c948f4d605d) (ScriptedImporter) -> (artifact id: 'd611851a75753c06155ceaafe7cf97b8') in 0.0147603 seconds
Number of updated asset objects reloaded before import = 0Number of asset objects unloaded after import = 0

========================================================================
Received Import Request.
  Time since last request: 0.000034 seconds.
  path: Assets/XRISamples/Scenes/XRI_Examples_Main/Lightmap-10_comp_light.exr
  artifactKey: Guid(105dac4bf6e7ca54aba4d871c3a2dbc4) Importer(2089858483,b0f066a214c2f5e87bad3c948f4d605d)
Start importing Assets/XRISamples/Scenes/XRI_Examples_Main/Lightmap-10_comp_light.exr using Guid(105dac4bf6e7ca54aba4d871c3a2dbc4) Importer(2089858483,b0f066a214c2f5e87bad3c948f4d605d) (ScriptedImporter) -> (artifact id: '67ea77dc6c0dbbec56821f4e2502eaec') in 0.0199565 seconds
Number of updated asset objects reloaded before import = 0Number of asset objects unloaded after import = 1

========================================================================
Received Import Request.
  Time since last request: 0.000033 seconds.
  path: Assets/XRISamples/UI_3D/Textures/UFO_FX_Ring.png
  artifactKey: Guid(2f643962139e2c244b0c2df11ae3ac8b) Importer(2089858483,b0f066a214c2f5e87bad3c948f4d605d)
Start importing Assets/XRISamples/UI_3D/Textures/UFO_FX_Ring.png using Guid(2f643962139e2c244b0c2df11ae3ac8b) Importer(2089858483,b0f066a214c2f5e87bad3c948f4d605d) (ScriptedImporter) -> (artifact id: 'b6908bf73832264cb97ce2188c3a3258') in 0.0222073 seconds
Number of updated asset objects reloaded before import = 0Number of asset objects unloaded after import = 1

========================================================================
Received Import Request.
  Time since last request: 0.000025 seconds.
  path: Assets/XRISamples/SocketInteractors/Prefabs/PegYellow.prefab
  artifactKey: Guid(842250579cf338d4c8e113fa78855e7c) Importer(2089858483,b0f066a214c2f5e87bad3c948f4d605d)
Start importing Assets/XRISamples/SocketInteractors/Prefabs/PegYellow.prefab using Guid(842250579cf338d4c8e113fa78855e7c) Importer(2089858483,b0f066a214c2f5e87bad3c948f4d605d) (ScriptedImporter) -> (artifact id: '955ff8a9d693bd910bd27a0a6574f2ea') in 0.0267697 seconds
Number of updated asset objects reloaded before import = 0Number of asset objects unloaded after import = 38

========================================================================
Received Import Request.
  Time since last request: 0.000035 seconds.
  path: Assets/XRISamples/SocketInteractors/Scripts/PerlerMachine
  artifactKey: Guid(883e6af59a5a136429924233c699181d) Importer(2089858483,b0f066a214c2f5e87bad3c948f4d605d)
Start importing Assets/XRISamples/SocketInteractors/Scripts/PerlerMachine using Guid(883e6af59a5a136429924233c699181d) Importer(2089858483,b0f066a214c2f5e87bad3c948f4d605d) (ScriptedImporter) -> (artifact id: '9c4b15abf44f8b4e5b540b68525e61ca') in 0.0166306 seconds
Number of updated asset objects reloaded before import = 0Number of asset objects unloaded after import = 1

========================================================================
Received Import Request.
  Time since last request: 0.000042 seconds.
  path: Assets/XRISamples/Global/Scripts/Analytics/Editor
  artifactKey: Guid(ac1619a359d31674db31ec924498cd4f) Importer(2089858483,b0f066a214c2f5e87bad3c948f4d605d)
Start importing Assets/XRISamples/Global/Scripts/Analytics/Editor using Guid(ac1619a359d31674db31ec924498cd4f) Importer(2089858483,b0f066a214c2f5e87bad3c948f4d605d) (ScriptedImporter) -> (artifact id: '34d31cad365815b68c5aa242496d69b4') in 0.0130826 seconds
Number of updated asset objects reloaded before import = 0Number of asset objects unloaded after import = 1

========================================================================
Received Import Request.
  Time since last request: 0.000038 seconds.
  path: Assets/XRISamples/UI_2D/Sprites/LoadingIndicator/LoadingIndicator.png
  artifactKey: Guid(6009f158dc1344e4983b8fbdd26bcd92) Importer(2089858483,b0f066a214c2f5e87bad3c948f4d605d)
Start importing Assets/XRISamples/UI_2D/Sprites/LoadingIndicator/LoadingIndicator.png using Guid(6009f158dc1344e4983b8fbdd26bcd92) Importer(2089858483,b0f066a214c2f5e87bad3c948f4d605d) (ScriptedImporter) -> (artifact id: 'b383aae82307f28e9fc0a7cfbcfc7b4b') in 0.029203 seconds
Number of updated asset objects reloaded before import = 0Number of asset objects unloaded after import = 3

========================================================================
Received Import Request.
  Time since last request: 0.000015 seconds.
  path: Assets/XRISamples/SocketInteractors/Materials
  artifactKey: Guid(ad54ece902c45d44f83251d127d4b51c) Importer(2089858483,b0f066a214c2f5e87bad3c948f4d605d)
Start importing Assets/XRISamples/SocketInteractors/Materials using Guid(ad54ece902c45d44f83251d127d4b51c) Importer(2089858483,b0f066a214c2f5e87bad3c948f4d605d) (ScriptedImporter) -> (artifact id: '176bd85601960d0d808e3503c73fbac7') in 0.0124103 seconds
Number of updated asset objects reloaded before import = 0Number of asset objects unloaded after import = 1

========================================================================
Received Import Request.
  Time since last request: 0.000021 seconds.
  path: Assets/XRISamples/Global/Models
  artifactKey: Guid(59b752a6ab406c540b09f10dbb73b1aa) Importer(2089858483,b0f066a214c2f5e87bad3c948f4d605d)
Start importing Assets/XRISamples/Global/Models using Guid(59b752a6ab406c540b09f10dbb73b1aa) Importer(2089858483,b0f066a214c2f5e87bad3c948f4d605d) (ScriptedImporter) -> (artifact id: '7880cc5834f385cf88d956b1235fbfb9') in 0.0103044 seconds
Number of updated asset objects reloaded before import = 0Number of asset objects unloaded after import = 1

========================================================================
Received Import Request.
  Time since last request: 0.000018 seconds.
  path: Assets/XRISamples/Props/Textures/WaterSprinkles_C.png
  artifactKey: Guid(9966df729647e92429cdb8dabe7ad2c0) Importer(2089858483,b0f066a214c2f5e87bad3c948f4d605d)
Start importing Assets/XRISamples/Props/Textures/WaterSprinkles_C.png using Guid(9966df729647e92429cdb8dabe7ad2c0) Importer(2089858483,b0f066a214c2f5e87bad3c948f4d605d) (ScriptedImporter) -> (artifact id: 'c6c4ee4539c9da5ce153900d771c607c') in 0.0138346 seconds
Number of updated asset objects reloaded before import = 0Number of asset objects unloaded after import = 1

========================================================================
Received Import Request.
  Time since last request: 0.000025 seconds.
  path: Assets/XRISamples/Environment/Prefabs/StationLight.prefab
  artifactKey: Guid(99f8a1d8dca80f141be37fe279ab0835) Importer(2089858483,b0f066a214c2f5e87bad3c948f4d605d)
Start importing Assets/XRISamples/Environment/Prefabs/StationLight.prefab using Guid(99f8a1d8dca80f141be37fe279ab0835) Importer(2089858483,b0f066a214c2f5e87bad3c948f4d605d) (ScriptedImporter) -> (artifact id: '00110ba252a2dfdd7233f7cff7eda1a3') in 0.027649 seconds
Number of updated asset objects reloaded before import = 0Number of asset objects unloaded after import = 5

========================================================================
Received Import Request.
  Time since last request: 0.000016 seconds.
  path: Assets/XRISamples/Environment/Shaders/Water.shadergraph
  artifactKey: Guid(821ee07316aa6264eafe0afdd72fbec3) Importer(2089858483,b0f066a214c2f5e87bad3c948f4d605d)
Start importing Assets/XRISamples/Environment/Shaders/Water.shadergraph using Guid(821ee07316aa6264eafe0afdd72fbec3) Importer(2089858483,b0f066a214c2f5e87bad3c948f4d605d) (ScriptedImporter) -> (artifact id: 'ce802c3c1191762c8f59d2a58d4b3558') in 0.0267064 seconds
Number of updated asset objects reloaded before import = 0Number of asset objects unloaded after import = 5

========================================================================
Received Import Request.
  Time since last request: 0.000017 seconds.
  path: Assets/XRISamples/GrabInteractables/Audio/SFX_Liquid_Splash.wav
  artifactKey: Guid(5e704bdb837d6421f83465bf6b5ed283) Importer(2089858483,b0f066a214c2f5e87bad3c948f4d605d)
Start importing Assets/XRISamples/GrabInteractables/Audio/SFX_Liquid_Splash.wav using Guid(5e704bdb837d6421f83465bf6b5ed283) Importer(2089858483,b0f066a214c2f5e87bad3c948f4d605d) (ScriptedImporter) -> (artifact id: 'cca76e751512faa7c6f5d5719b4894d2') in 0.0429673 seconds
Number of updated asset objects reloaded before import = 0Number of asset objects unloaded after import = 1

========================================================================
Received Import Request.
  Time since last request: 0.000024 seconds.
  path: Assets/XRISamples/Props/Animation/TargetRing.controller
  artifactKey: Guid(1eb1d12ab51316747bcf69180a2d83b4) Importer(2089858483,b0f066a214c2f5e87bad3c948f4d605d)
Start importing Assets/XRISamples/Props/Animation/TargetRing.controller using Guid(1eb1d12ab51316747bcf69180a2d83b4) Importer(2089858483,b0f066a214c2f5e87bad3c948f4d605d) (ScriptedImporter) -> (artifact id: '12361ae281985720a96b4b8cb47740a9') in 0.0198993 seconds
Number of updated asset objects reloaded before import = 0Number of asset objects unloaded after import = 16

========================================================================
Received Import Request.
  Time since last request: 0.000033 seconds.
  path: Assets/XRISamples/Physics/Models
  artifactKey: Guid(d4189487e800e484884e1fda102d5d6b) Importer(2089858483,b0f066a214c2f5e87bad3c948f4d605d)
Start importing Assets/XRISamples/Physics/Models using Guid(d4189487e800e484884e1fda102d5d6b) Importer(2089858483,b0f066a214c2f5e87bad3c948f4d605d) (ScriptedImporter) -> (artifact id: '127f43bea502dc5a83cc0efda5748775') in 0.0122065 seconds
Number of updated asset objects reloaded before import = 0Number of asset objects unloaded after import = 1

========================================================================
Received Import Request.
  Time since last request: 0.000017 seconds.
  path: Assets/XRISamples/UI_2D/Prefabs/MainMenu/SpatialPanelBase.prefab
  artifactKey: Guid(3aa8ee2a47661f1468bab41079948717) Importer(2089858483,b0f066a214c2f5e87bad3c948f4d605d)
Start importing Assets/XRISamples/UI_2D/Prefabs/MainMenu/SpatialPanelBase.prefab using Guid(3aa8ee2a47661f1468bab41079948717) Importer(2089858483,b0f066a214c2f5e87bad3c948f4d605d) (ScriptedImporter) -> (artifact id: 'b020cecf274e3642d7741ff0d0bff2c4') in 0.0558156 seconds
Number of updated asset objects reloaded before import = 0Number of asset objects unloaded after import = 31

========================================================================
Received Import Request.
  Time since last request: 0.000017 seconds.
  path: Assets/XRISamples/UI_2D/Prefabs/LoadingIndicator/LoadingIndicator.prefab
  artifactKey: Guid(f9da24840c60a814295b88e6319d9f9c) Importer(2089858483,b0f066a214c2f5e87bad3c948f4d605d)
Start importing Assets/XRISamples/UI_2D/Prefabs/LoadingIndicator/LoadingIndicator.prefab using Guid(f9da24840c60a814295b88e6319d9f9c) Importer(2089858483,b0f066a214c2f5e87bad3c948f4d605d) (ScriptedImporter) -> (artifact id: 'd10973ec3ca5104ec0f4c519b1b0c1ab') in 0.0340836 seconds
Number of updated asset objects reloaded before import = 0Number of asset objects unloaded after import = 31

========================================================================
Received Import Request.
  Time since last request: 0.000021 seconds.
  path: Assets/XRISamples/Scenes/XRI_Examples_Main/Lightmap-6_comp_light.exr
  artifactKey: Guid(72e53d7db9240ed4b9e8099d967b1fba) Importer(2089858483,b0f066a214c2f5e87bad3c948f4d605d)
Start importing Assets/XRISamples/Scenes/XRI_Examples_Main/Lightmap-6_comp_light.exr using Guid(72e53d7db9240ed4b9e8099d967b1fba) Importer(2089858483,b0f066a214c2f5e87bad3c948f4d605d) (ScriptedImporter) -> (artifact id: '81f03017bb85f612ea0a07b2eed87406') in 0.0174181 seconds
Number of updated asset objects reloaded before import = 0Number of asset objects unloaded after import = 1

========================================================================
Received Import Request.
  Time since last request: 0.000132 seconds.
  path: Assets/XRISamples/UI_2D/Prefabs/Buttons/TextButtonSpecialVariant.prefab
  artifactKey: Guid(40c7a7079034239458b89d55479faad9) Importer(2089858483,b0f066a214c2f5e87bad3c948f4d605d)
Start importing Assets/XRISamples/UI_2D/Prefabs/Buttons/TextButtonSpecialVariant.prefab using Guid(40c7a7079034239458b89d55479faad9) Importer(2089858483,b0f066a214c2f5e87bad3c948f4d605d) (ScriptedImporter) -> (artifact id: '5f7ba59df75e64f68f691f6de7b3c877') in 0.0682729 seconds
Number of updated asset objects reloaded before import = 0Number of asset objects unloaded after import = 30

========================================================================
Received Import Request.
  Time since last request: 0.000021 seconds.
  path: Assets/XRISamples/SocketInteractors/Prefabs/PegViolet.prefab
  artifactKey: Guid(fd5fe21d39e4f0f40aca394a474bb56d) Importer(2089858483,b0f066a214c2f5e87bad3c948f4d605d)
Start importing Assets/XRISamples/SocketInteractors/Prefabs/PegViolet.prefab using Guid(fd5fe21d39e4f0f40aca394a474bb56d) Importer(2089858483,b0f066a214c2f5e87bad3c948f4d605d) (ScriptedImporter) -> (artifact id: 'f6aa5ac1723d39c1ea61ad2e2ad1f180') in 0.028436 seconds
Number of updated asset objects reloaded before import = 0Number of asset objects unloaded after import = 38

========================================================================
Received Import Request.
  Time since last request: 0.000025 seconds.
  path: Assets/XRISamples/UI_3D/Textures/SheepPrize_A_Black.png
  artifactKey: Guid(421d01cb01b9e0f4ab74d438b7d93af4) Importer(2089858483,b0f066a214c2f5e87bad3c948f4d605d)
Start importing Assets/XRISamples/UI_3D/Textures/SheepPrize_A_Black.png using Guid(421d01cb01b9e0f4ab74d438b7d93af4) Importer(2089858483,b0f066a214c2f5e87bad3c948f4d605d) (ScriptedImporter) -> (artifact id: '5f91d90ef9e97c0356c2814193c53af8') in 0.0191502 seconds
Number of updated asset objects reloaded before import = 0Number of asset objects unloaded after import = 1

========================================================================
Received Import Request.
  Time since last request: 0.000034 seconds.
  path: Assets/XRISamples/Scenes/XRI_Examples_Main/Lightmap-23_comp_dir.png
  artifactKey: Guid(1df8c07879013c6439f0c70ea96e6695) Importer(2089858483,b0f066a214c2f5e87bad3c948f4d605d)
Start importing Assets/XRISamples/Scenes/XRI_Examples_Main/Lightmap-23_comp_dir.png using Guid(1df8c07879013c6439f0c70ea96e6695) Importer(2089858483,b0f066a214c2f5e87bad3c948f4d605d) (ScriptedImporter) -> (artifact id: 'fe78f2279bb8e94e663518aaac44466d') in 0.022977 seconds
Number of updated asset objects reloaded before import = 0Number of asset objects unloaded after import = 1

========================================================================
Received Import Request.
  Time since last request: 0.000024 seconds.
  path: Assets/XRISamples/Props/Animation/TargetRing-Hard.overrideController
  artifactKey: Guid(cf783dde197a2fc4d820dfe6fa19c55e) Importer(2089858483,b0f066a214c2f5e87bad3c948f4d605d)
Start importing Assets/XRISamples/Props/Animation/TargetRing-Hard.overrideController using Guid(cf783dde197a2fc4d820dfe6fa19c55e) Importer(2089858483,b0f066a214c2f5e87bad3c948f4d605d) (ScriptedImporter) -> (artifact id: 'b9bde007a6f185a2658fead040cf75ff') in 0.0163893 seconds
Number of updated asset objects reloaded before import = 0Number of asset objects unloaded after import = 18

========================================================================
Received Import Request.
  Time since last request: 0.000015 seconds.
  path: Assets/XRISamples/SocketInteractors/Materials/Peg_Red.mat
  artifactKey: Guid(06e5254b9af529747a8269a16f1953a4) Importer(2089858483,b0f066a214c2f5e87bad3c948f4d605d)
Start importing Assets/XRISamples/SocketInteractors/Materials/Peg_Red.mat using Guid(06e5254b9af529747a8269a16f1953a4) Importer(2089858483,b0f066a214c2f5e87bad3c948f4d605d) (ScriptedImporter) -> (artifact id: 'd1ac74108cb5d51f36e7917896506867') in 0.0574216 seconds
Number of updated asset objects reloaded before import = 0Number of asset objects unloaded after import = 1

========================================================================
Received Import Request.
  Time since last request: 0.000022 seconds.
  path: Assets/XRISamples/Global/Prefabs
  artifactKey: Guid(967f7b3f45f15ff4dafec93282f07f84) Importer(2089858483,b0f066a214c2f5e87bad3c948f4d605d)
Start importing Assets/XRISamples/Global/Prefabs using Guid(967f7b3f45f15ff4dafec93282f07f84) Importer(2089858483,b0f066a214c2f5e87bad3c948f4d605d) (ScriptedImporter) -> (artifact id: 'c87f2b4d9133e58e8333b8e4fe853b3f') in 0.0092102 seconds
Number of updated asset objects reloaded before import = 0Number of asset objects unloaded after import = 1

========================================================================
Received Import Request.
  Time since last request: 0.000027 seconds.
  path: Assets/XRISamples/SocketInteractors/Scripts
  artifactKey: Guid(7fea844987498364b9568ef02af4b7ff) Importer(2089858483,b0f066a214c2f5e87bad3c948f4d605d)
Start importing Assets/XRISamples/SocketInteractors/Scripts using Guid(7fea844987498364b9568ef02af4b7ff) Importer(2089858483,b0f066a214c2f5e87bad3c948f4d605d) (ScriptedImporter) -> (artifact id: '20d1aabfee099a5a1e5a1c60e2a1257d') in 0.0100425 seconds
Number of updated asset objects reloaded before import = 0Number of asset objects unloaded after import = 1

========================================================================
Received Import Request.
  Time since last request: 0.000014 seconds.
  path: Assets/XRISamples/Props/Materials/TargetRing_OuterBase.mat
  artifactKey: Guid(025eb793b67d8f348af20d89b83f1a4d) Importer(2089858483,b0f066a214c2f5e87bad3c948f4d605d)
Start importing Assets/XRISamples/Props/Materials/TargetRing_OuterBase.mat using Guid(025eb793b67d8f348af20d89b83f1a4d) Importer(2089858483,b0f066a214c2f5e87bad3c948f4d605d) (ScriptedImporter) -> (artifact id: 'c5e654198de03ee027c1dadbb5429e82') in 0.0116358 seconds
Number of updated asset objects reloaded before import = 0Number of asset objects unloaded after import = 1

========================================================================
Received Import Request.
  Time since last request: 0.000016 seconds.
  path: Assets/XRISamples/Environment/Prefabs/Cube.prefab
  artifactKey: Guid(224ab99c12567b94a8a7fad519daf55b) Importer(2089858483,b0f066a214c2f5e87bad3c948f4d605d)
Start importing Assets/XRISamples/Environment/Prefabs/Cube.prefab using Guid(224ab99c12567b94a8a7fad519daf55b) Importer(2089858483,b0f066a214c2f5e87bad3c948f4d605d) (ScriptedImporter) -> (artifact id: 'fc8bc14381be92ac2df9de34b4542719') in 0.0399286 seconds
Number of updated asset objects reloaded before import = 0Number of asset objects unloaded after import = 8

========================================================================
Received Import Request.
  Time since last request: 0.000026 seconds.
  path: Assets/XRISamples/UI_3D/Scripts/ClawMachine/FlippyDoor.cs
  artifactKey: Guid(6d0c2d7cf5f0ee141a994934c9d2f1a1) Importer(2089858483,b0f066a214c2f5e87bad3c948f4d605d)
Start importing Assets/XRISamples/UI_3D/Scripts/ClawMachine/FlippyDoor.cs using Guid(6d0c2d7cf5f0ee141a994934c9d2f1a1) Importer(2089858483,b0f066a214c2f5e87bad3c948f4d605d) (ScriptedImporter) -> (artifact id: '2fea002c0280f215ce86b55740132ee3') in 0.011651 seconds
Number of updated asset objects reloaded before import = 0Number of asset objects unloaded after import = 0

========================================================================
Received Import Request.
  Time since last request: 0.000026 seconds.
  path: Assets/XRISamples/ActivateInteractables/Animation/LauncherTrigger.playable
  artifactKey: Guid(5c5abec4b8a119b4baab67ca40f8f0db) Importer(2089858483,b0f066a214c2f5e87bad3c948f4d605d)
Start importing Assets/XRISamples/ActivateInteractables/Animation/LauncherTrigger.playable using Guid(5c5abec4b8a119b4baab67ca40f8f0db) Importer(2089858483,b0f066a214c2f5e87bad3c948f4d605d) (ScriptedImporter) -> (artifact id: '722872c37fe48617d0d30ac5e94066b7') in 0.0306411 seconds
Number of updated asset objects reloaded before import = 0Number of asset objects unloaded after import = 4

========================================================================
Received Import Request.
  Time since last request: 0.000020 seconds.
  path: Assets/XRISamples/Physics/SocketKeys/Door.asset
  artifactKey: Guid(3e433f91841e5d14ba4db9710832675a) Importer(2089858483,b0f066a214c2f5e87bad3c948f4d605d)
Start importing Assets/XRISamples/Physics/SocketKeys/Door.asset using Guid(3e433f91841e5d14ba4db9710832675a) Importer(2089858483,b0f066a214c2f5e87bad3c948f4d605d) (ScriptedImporter) -> (artifact id: 'ff0b847f6fa2ca172f67898fc9017b91') in 0.0111325 seconds
Number of updated asset objects reloaded before import = 0Number of asset objects unloaded after import = 1

========================================================================
Received Import Request.
  Time since last request: 0.000023 seconds.
  path: Assets/XRISamples/Global/Scripts/Analytics/XrcAnalytics.cs
  artifactKey: Guid(f22e79d2138983e46bc000032bbb598d) Importer(2089858483,b0f066a214c2f5e87bad3c948f4d605d)
Start importing Assets/XRISamples/Global/Scripts/Analytics/XrcAnalytics.cs using Guid(f22e79d2138983e46bc000032bbb598d) Importer(2089858483,b0f066a214c2f5e87bad3c948f4d605d) (ScriptedImporter) -> (artifact id: '2b2b624b8380f0f82cb4e06cd2cb8b0e') in 0.0101214 seconds
Number of updated asset objects reloaded before import = 0Number of asset objects unloaded after import = 0

========================================================================
Received Import Request.
  Time since last request: 0.000016 seconds.
  path: Assets/XRISamples/Global/Materials
  artifactKey: Guid(01844555c4129714b9df4ef3df11564d) Importer(2089858483,b0f066a214c2f5e87bad3c948f4d605d)
Start importing Assets/XRISamples/Global/Materials using Guid(01844555c4129714b9df4ef3df11564d) Importer(2089858483,b0f066a214c2f5e87bad3c948f4d605d) (ScriptedImporter) -> (artifact id: '0c7afa028682a7a479fb824fa987f930') in 0.0105515 seconds
Number of updated asset objects reloaded before import = 0Number of asset objects unloaded after import = 1

========================================================================
Received Import Request.
  Time since last request: 0.000022 seconds.
  path: Assets/XRISamples/SocketInteractors/Materials/Peg_Green.mat
  artifactKey: Guid(13fea913cc0bb08458bb75c2ea4b5fe8) Importer(2089858483,b0f066a214c2f5e87bad3c948f4d605d)
Start importing Assets/XRISamples/SocketInteractors/Materials/Peg_Green.mat using Guid(13fea913cc0bb08458bb75c2ea4b5fe8) Importer(2089858483,b0f066a214c2f5e87bad3c948f4d605d) (ScriptedImporter) -> (artifact id: '024ffe860f5516b84d1249f6486250db') in 0.0113803 seconds
Number of updated asset objects reloaded before import = 0Number of asset objects unloaded after import = 1

========================================================================
Received Import Request.
  Time since last request: 0.000045 seconds.
  path: Assets/XRISamples/HoverHighlight/Prefabs/HoverStateVisuals_Full.prefab
  artifactKey: Guid(7993ae71b53b408449cea86d791c878e) Importer(2089858483,b0f066a214c2f5e87bad3c948f4d605d)
Start importing Assets/XRISamples/HoverHighlight/Prefabs/HoverStateVisuals_Full.prefab using Guid(7993ae71b53b408449cea86d791c878e) Importer(2089858483,b0f066a214c2f5e87bad3c948f4d605d) (ScriptedImporter) -> (artifact id: '3e9761fc188459a24ff5e7206c71cb27') in 0.0265803 seconds
Number of updated asset objects reloaded before import = 0Number of asset objects unloaded after import = 11

========================================================================
Received Import Request.
  Time since last request: 0.000020 seconds.
  path: Assets/XRISamples/Scenes/XRI_Examples_Main/Lightmap-15_comp_light.exr
  artifactKey: Guid(54069d5eb21867d42b1086ea2a7b6cc4) Importer(2089858483,b0f066a214c2f5e87bad3c948f4d605d)
Start importing Assets/XRISamples/Scenes/XRI_Examples_Main/Lightmap-15_comp_light.exr using Guid(54069d5eb21867d42b1086ea2a7b6cc4) Importer(2089858483,b0f066a214c2f5e87bad3c948f4d605d) (ScriptedImporter) -> (artifact id: '5aceabc1d9416b92553671f29323f7f4') in 0.0188498 seconds
Number of updated asset objects reloaded before import = 0Number of asset objects unloaded after import = 1

========================================================================
Received Import Request.
  Time since last request: 0.000025 seconds.
  path: Assets/XRISamples/Props/Models/Primitive_Wedge.fbx
  artifactKey: Guid(5f9090446b6c3f64cb377e4842aa7f52) Importer(2089858483,b0f066a214c2f5e87bad3c948f4d605d)
Start importing Assets/XRISamples/Props/Models/Primitive_Wedge.fbx using Guid(5f9090446b6c3f64cb377e4842aa7f52) Importer(2089858483,b0f066a214c2f5e87bad3c948f4d605d) (ScriptedImporter) -> (artifact id: 'ceb8d3d9dd22b2083e8e075833c1ccb5') in 0.0428211 seconds
Number of updated asset objects reloaded before import = 0Number of asset objects unloaded after import = 8

========================================================================
Received Import Request.
  Time since last request: 0.000027 seconds.
  path: Assets/XRISamples/Environment/Models/Architecture.fbx
  artifactKey: Guid(a907f2b5a5ce38d45a820402c49bc0bf) Importer(2089858483,b0f066a214c2f5e87bad3c948f4d605d)
Start importing Assets/XRISamples/Environment/Models/Architecture.fbx using Guid(a907f2b5a5ce38d45a820402c49bc0bf) Importer(2089858483,b0f066a214c2f5e87bad3c948f4d605d) (ScriptedImporter) -> (artifact id: '7f645da3c7085a4894933bc242217d02') in 0.0335442 seconds
Number of updated asset objects reloaded before import = 0Number of asset objects unloaded after import = 76

========================================================================
Received Import Request.
  Time since last request: 0.000035 seconds.
  path: Assets/XRISamples/Scenes/XRI_Examples_Main/Lightmap-1_comp_dir.png
  artifactKey: Guid(7b4311dba0b6e314a9b2e95667f46142) Importer(2089858483,b0f066a214c2f5e87bad3c948f4d605d)
Start importing Assets/XRISamples/Scenes/XRI_Examples_Main/Lightmap-1_comp_dir.png using Guid(7b4311dba0b6e314a9b2e95667f46142) Importer(2089858483,b0f066a214c2f5e87bad3c948f4d605d) (ScriptedImporter) -> (artifact id: 'f80e39ac18b252b1592999509d53ab38') in 0.0185347 seconds
Number of updated asset objects reloaded before import = 0Number of asset objects unloaded after import = 1

========================================================================
Received Import Request.
  Time since last request: 0.000014 seconds.
  path: Assets/XRISamples/Props/Materials/Plant_Green_01.mat
  artifactKey: Guid(6d3d8c2f1a0f27d4fa9ee303292ef682) Importer(2089858483,b0f066a214c2f5e87bad3c948f4d605d)
Start importing Assets/XRISamples/Props/Materials/Plant_Green_01.mat using Guid(6d3d8c2f1a0f27d4fa9ee303292ef682) Importer(2089858483,b0f066a214c2f5e87bad3c948f4d605d) (ScriptedImporter) -> (artifact id: '3c4e88c4d25046fd695202df4a5f7d1f') in 0.0111007 seconds
Number of updated asset objects reloaded before import = 0Number of asset objects unloaded after import = 1

========================================================================
Received Import Request.
  Time since last request: 0.000019 seconds.
  path: Assets/XRISamples/SocketInteractors/Scripts/XRLockGridSocketInteractor.cs
  artifactKey: Guid(8349f6fd95eb89e40bbdfc16e4f63146) Importer(2089858483,b0f066a214c2f5e87bad3c948f4d605d)
Start importing Assets/XRISamples/SocketInteractors/Scripts/XRLockGridSocketInteractor.cs using Guid(8349f6fd95eb89e40bbdfc16e4f63146) Importer(2089858483,b0f066a214c2f5e87bad3c948f4d605d) (ScriptedImporter) -> (artifact id: '903e9d778c172b362838e59a5838dca1') in 0.0100876 seconds
Number of updated asset objects reloaded before import = 0Number of asset objects unloaded after import = 0

========================================================================
Received Import Request.
  Time since last request: 0.000016 seconds.
  path: Assets/XRISamples/SocketInteractors/Materials/Peg_Violet.mat
  artifactKey: Guid(3577603abd676f144adf3a36ac61c2e8) Importer(2089858483,b0f066a214c2f5e87bad3c948f4d605d)
Start importing Assets/XRISamples/SocketInteractors/Materials/Peg_Violet.mat using Guid(3577603abd676f144adf3a36ac61c2e8) Importer(2089858483,b0f066a214c2f5e87bad3c948f4d605d) (ScriptedImporter) -> (artifact id: 'c280646c0393189c885fd4e89965e0af') in 0.0127615 seconds
Number of updated asset objects reloaded before import = 0Number of asset objects unloaded after import = 1

========================================================================
Received Import Request.
  Time since last request: 0.000019 seconds.
  path: Assets/XRISamples/SocketInteractors/Prefabs/PegBlue.prefab
  artifactKey: Guid(87caa2bef59abf5468d78b21c454887e) Importer(2089858483,b0f066a214c2f5e87bad3c948f4d605d)
Start importing Assets/XRISamples/SocketInteractors/Prefabs/PegBlue.prefab using Guid(87caa2bef59abf5468d78b21c454887e) Importer(2089858483,b0f066a214c2f5e87bad3c948f4d605d) (ScriptedImporter) -> (artifact id: '25452feeeb9251e003bd08df6c63e03b') in 0.0215836 seconds
Number of updated asset objects reloaded before import = 0Number of asset objects unloaded after import = 38

========================================================================
Received Import Request.
  Time since last request: 0.000027 seconds.
  path: Assets/XRISamples/GrabInteractables/Prefabs/WateringCan.prefab
  artifactKey: Guid(2e9fa134cc3eabc4ba02fdc0ff1c6486) Importer(2089858483,b0f066a214c2f5e87bad3c948f4d605d)
Start importing Assets/XRISamples/GrabInteractables/Prefabs/WateringCan.prefab using Guid(2e9fa134cc3eabc4ba02fdc0ff1c6486) Importer(2089858483,b0f066a214c2f5e87bad3c948f4d605d) (ScriptedImporter) -> (artifact id: 'bcd180897b33b0e5076a13bab11afe0b') in 0.0282481 seconds
Number of updated asset objects reloaded before import = 0Number of asset objects unloaded after import = 38

========================================================================
Received Import Request.
  Time since last request: 0.000024 seconds.
  path: Assets/XRISamples/Scenes/XRI_Examples_Main/Lightmap-21_comp_light.exr
  artifactKey: Guid(c001e317627500848bb467f635cbf61e) Importer(2089858483,b0f066a214c2f5e87bad3c948f4d605d)
Start importing Assets/XRISamples/Scenes/XRI_Examples_Main/Lightmap-21_comp_light.exr using Guid(c001e317627500848bb467f635cbf61e) Importer(2089858483,b0f066a214c2f5e87bad3c948f4d605d) (ScriptedImporter) -> (artifact id: '7a64bc126ca51468a452f5fbd9de92d6') in 0.0181909 seconds
Number of updated asset objects reloaded before import = 0Number of asset objects unloaded after import = 1

========================================================================
Received Import Request.
  Time since last request: 0.000040 seconds.
  path: Assets/XRISamples/Props/Models/Primitive_Cylinder.fbx
  artifactKey: Guid(bd6b121ab36aeff4cb6690ff9a345aa5) Importer(2089858483,b0f066a214c2f5e87bad3c948f4d605d)
Start importing Assets/XRISamples/Props/Models/Primitive_Cylinder.fbx using Guid(bd6b121ab36aeff4cb6690ff9a345aa5) Importer(2089858483,b0f066a214c2f5e87bad3c948f4d605d) (ScriptedImporter) -> (artifact id: '4a1f689df3fe12bae2892ef416d83e4e') in 0.0443558 seconds
Number of updated asset objects reloaded before import = 0Number of asset objects unloaded after import = 8

========================================================================
Received Import Request.
  Time since last request: 0.000019 seconds.
  path: Assets/XRISamples/SocketInteractors
  artifactKey: Guid(1226fda9cc2497246bba127bc20c7e9a) Importer(2089858483,b0f066a214c2f5e87bad3c948f4d605d)
Start importing Assets/XRISamples/SocketInteractors using Guid(1226fda9cc2497246bba127bc20c7e9a) Importer(2089858483,b0f066a214c2f5e87bad3c948f4d605d) (ScriptedImporter) -> (artifact id: '4bbe3555a4073bbf5efcaf3963aacca4') in 0.0099585 seconds
Number of updated asset objects reloaded before import = 0Number of asset objects unloaded after import = 1

========================================================================
Received Import Request.
  Time since last request: 0.000028 seconds.
  path: Assets/XRISamples/Props/Materials/TargetRing_InnerRing_01.mat
  artifactKey: Guid(f9c4d21f16d5653449a8eda04c948f59) Importer(2089858483,b0f066a214c2f5e87bad3c948f4d605d)
Start importing Assets/XRISamples/Props/Materials/TargetRing_InnerRing_01.mat using Guid(f9c4d21f16d5653449a8eda04c948f59) Importer(2089858483,b0f066a214c2f5e87bad3c948f4d605d) (ScriptedImporter) -> (artifact id: 'd8698f0ecfe970caa7b4c85e2afe2552') in 0.014402 seconds
Number of updated asset objects reloaded before import = 0Number of asset objects unloaded after import = 1

========================================================================
Received Import Request.
  Time since last request: 0.000018 seconds.
  path: Assets/XRISamples/UI_3D/Materials/ClawMachine/Barn_FlatBlack.mat
  artifactKey: Guid(a25b9d4400e37c144abc5d361dbcbcd3) Importer(2089858483,b0f066a214c2f5e87bad3c948f4d605d)
Start importing Assets/XRISamples/UI_3D/Materials/ClawMachine/Barn_FlatBlack.mat using Guid(a25b9d4400e37c144abc5d361dbcbcd3) Importer(2089858483,b0f066a214c2f5e87bad3c948f4d605d) (ScriptedImporter) -> (artifact id: '266e431d5cc3b075bd1ee4e7c330dc7d') in 0.0113463 seconds
Number of updated asset objects reloaded before import = 0Number of asset objects unloaded after import = 1

========================================================================
Received Import Request.
  Time since last request: 0.000018 seconds.
  path: Assets/XRISamples/UI_2D/Materials/BlurBackground.mat
  artifactKey: Guid(07d3a5aff90fb2c4a9aa6cee06b7ca07) Importer(2089858483,b0f066a214c2f5e87bad3c948f4d605d)
Start importing Assets/XRISamples/UI_2D/Materials/BlurBackground.mat using Guid(07d3a5aff90fb2c4a9aa6cee06b7ca07) Importer(2089858483,b0f066a214c2f5e87bad3c948f4d605d) (ScriptedImporter) -> (artifact id: '614e4837a52bfc747658afc943305e3a') in 0.0255584 seconds
Number of updated asset objects reloaded before import = 0Number of asset objects unloaded after import = 2

========================================================================
Received Import Request.
  Time since last request: 0.000019 seconds.
  path: Assets/XRISamples/UI_3D/Materials/Glass.mat
  artifactKey: Guid(bbeb9a41899285f4e8879c33791fede2) Importer(2089858483,b0f066a214c2f5e87bad3c948f4d605d)
Start importing Assets/XRISamples/UI_3D/Materials/Glass.mat using Guid(bbeb9a41899285f4e8879c33791fede2) Importer(2089858483,b0f066a214c2f5e87bad3c948f4d605d) (ScriptedImporter) -> (artifact id: '3636ef7e7d094b771c4f8b88d5141f0e') in 0.0116929 seconds
Number of updated asset objects reloaded before import = 0Number of asset objects unloaded after import = 1

========================================================================
Received Import Request.
  Time since last request: 0.000020 seconds.
  path: Assets/XRISamples/Global/Prefabs/Pusher.prefab
  artifactKey: Guid(e06d6c5aaf8de694289ccfd05968ee05) Importer(2089858483,b0f066a214c2f5e87bad3c948f4d605d)
Start importing Assets/XRISamples/Global/Prefabs/Pusher.prefab using Guid(e06d6c5aaf8de694289ccfd05968ee05) Importer(2089858483,b0f066a214c2f5e87bad3c948f4d605d) (ScriptedImporter) -> (artifact id: '0731bdcd19ebd93d011953879227a1ec') in 0.0128965 seconds
Number of updated asset objects reloaded before import = 0Number of asset objects unloaded after import = 7

========================================================================
Received Import Request.
  Time since last request: 0.000030 seconds.
  path: Assets/XRISamples/GrabInteractables/Models
  artifactKey: Guid(9e6cd1dd680b15342a6a6c5f134c98ad) Importer(2089858483,b0f066a214c2f5e87bad3c948f4d605d)
Start importing Assets/XRISamples/GrabInteractables/Models using Guid(9e6cd1dd680b15342a6a6c5f134c98ad) Importer(2089858483,b0f066a214c2f5e87bad3c948f4d605d) (ScriptedImporter) -> (artifact id: '66b19fdcc0c7461083144663fb3fc507') in 0.0105452 seconds
Number of updated asset objects reloaded before import = 0Number of asset objects unloaded after import = 1

========================================================================
Received Import Request.
  Time since last request: 0.000013 seconds.
  path: Assets/XRISamples/SocketInteractors/Scripts/KeyLockSystem
  artifactKey: Guid(1a8783010ba86af43b48196e535d2ff0) Importer(2089858483,b0f066a214c2f5e87bad3c948f4d605d)
Start importing Assets/XRISamples/SocketInteractors/Scripts/KeyLockSystem using Guid(1a8783010ba86af43b48196e535d2ff0) Importer(2089858483,b0f066a214c2f5e87bad3c948f4d605d) (ScriptedImporter) -> (artifact id: 'aaa49e8834f8caeea0ceb0036f7f5c74') in 0.0108363 seconds
Number of updated asset objects reloaded before import = 0Number of asset objects unloaded after import = 1

========================================================================
Received Import Request.
  Time since last request: 0.000019 seconds.
  path: Assets/XRISamples/Props/Models/Plant_Grows.fbx
  artifactKey: Guid(821e2bfc07e06e84cb39094262d3efae) Importer(2089858483,b0f066a214c2f5e87bad3c948f4d605d)
Start importing Assets/XRISamples/Props/Models/Plant_Grows.fbx using Guid(821e2bfc07e06e84cb39094262d3efae) Importer(2089858483,b0f066a214c2f5e87bad3c948f4d605d) (ScriptedImporter) -> (artifact id: 'baf739a8b7e91738f0ad407425b00893') in 0.020113 seconds
Number of updated asset objects reloaded before import = 0Number of asset objects unloaded after import = 54

========================================================================
Received Import Request.
  Time since last request: 0.000017 seconds.
  path: Assets/XRISamples/SocketInteractors/Prefabs/SimpleSocket.prefab
  artifactKey: Guid(a525b58628b6def4c9589009de68bed5) Importer(2089858483,b0f066a214c2f5e87bad3c948f4d605d)
Start importing Assets/XRISamples/SocketInteractors/Prefabs/SimpleSocket.prefab using Guid(a525b58628b6def4c9589009de68bed5) Importer(2089858483,b0f066a214c2f5e87bad3c948f4d605d) (ScriptedImporter) -> (artifact id: 'e4305ff001269a2f94e56fd47983c475') in 0.0335749 seconds
Number of updated asset objects reloaded before import = 0Number of asset objects unloaded after import = 27

========================================================================
Received Import Request.
  Time since last request: 0.000019 seconds.
  path: Assets/XRISamples/Scenes/XRI_Examples_Main/Lightmap-20_comp_light.exr
  artifactKey: Guid(9ea372c52e5f06b4ab8dea8e6a8c8e95) Importer(2089858483,b0f066a214c2f5e87bad3c948f4d605d)
Start importing Assets/XRISamples/Scenes/XRI_Examples_Main/Lightmap-20_comp_light.exr using Guid(9ea372c52e5f06b4ab8dea8e6a8c8e95) Importer(2089858483,b0f066a214c2f5e87bad3c948f4d605d) (ScriptedImporter) -> (artifact id: '6cd33a7833be0f1667cf3347e4149757') in 0.0157476 seconds
Number of updated asset objects reloaded before import = 0Number of asset objects unloaded after import = 1

========================================================================
Received Import Request.
  Time since last request: 0.000032 seconds.
  path: Assets/XRISamples/HoverHighlight/Audio/Button_22_Click.wav
  artifactKey: Guid(4aa5e83ae912c46409c45fc3f4f5cfe4) Importer(2089858483,b0f066a214c2f5e87bad3c948f4d605d)
Start importing Assets/XRISamples/HoverHighlight/Audio/Button_22_Click.wav using Guid(4aa5e83ae912c46409c45fc3f4f5cfe4) Importer(2089858483,b0f066a214c2f5e87bad3c948f4d605d) (ScriptedImporter) -> (artifact id: '3587319c05cdb95fd9ded3aa743cc2e0') in 0.0383913 seconds
Number of updated asset objects reloaded before import = 0Number of asset objects unloaded after import = 1

========================================================================
Received Import Request.
  Time since last request: 0.000021 seconds.
  path: Assets/XRISamples/UI_2D/Prefabs/Modals/ModalSingleButton.prefab
  artifactKey: Guid(fcac0c3f142ea3742a0565751dec41de) Importer(2089858483,b0f066a214c2f5e87bad3c948f4d605d)
Start importing Assets/XRISamples/UI_2D/Prefabs/Modals/ModalSingleButton.prefab using Guid(fcac0c3f142ea3742a0565751dec41de) Importer(2089858483,b0f066a214c2f5e87bad3c948f4d605d) (ScriptedImporter) -> (artifact id: 'd59895df7d6402a3cfbca67805665c48') in 0.0240724 seconds
Number of updated asset objects reloaded before import = 0Number of asset objects unloaded after import = 39

========================================================================
Received Import Request.
  Time since last request: 0.000023 seconds.
  path: Assets/XRISamples/ActivateInteractables/Materials/Launcher_FlatBlack_2H.mat
  artifactKey: Guid(9075516dd4338ef4281ab9868ec5d19a) Importer(2089858483,b0f066a214c2f5e87bad3c948f4d605d)
Start importing Assets/XRISamples/ActivateInteractables/Materials/Launcher_FlatBlack_2H.mat using Guid(9075516dd4338ef4281ab9868ec5d19a) Importer(2089858483,b0f066a214c2f5e87bad3c948f4d605d) (ScriptedImporter) -> (artifact id: '80312b4f6af18241199685b4de4df4ed') in 0.012318 seconds
Number of updated asset objects reloaded before import = 0Number of asset objects unloaded after import = 1

========================================================================
Received Import Request.
  Time since last request: 0.000023 seconds.
  path: Assets/XRISamples/Global/Prefabs/XRController_Left_Black.prefab
  artifactKey: Guid(dbc5ffd3fd8daad4abb3c5418005ac32) Importer(2089858483,b0f066a214c2f5e87bad3c948f4d605d)
Start importing Assets/XRISamples/Global/Prefabs/XRController_Left_Black.prefab using Guid(dbc5ffd3fd8daad4abb3c5418005ac32) Importer(2089858483,b0f066a214c2f5e87bad3c948f4d605d) (ScriptedImporter) -> (artifact id: '7d194fa928fe0a7c66231a361f3cb441') in 0.2101878 seconds
Number of updated asset objects reloaded before import = 0Number of asset objects unloaded after import = 104

========================================================================
Received Import Request.
  Time since last request: 0.000025 seconds.
  path: Assets/XRISamples/UI_2D/Prefabs/Modals/ModalDoubleButton.prefab
  artifactKey: Guid(49e2fbde9521b4341879174df5a51b64) Importer(2089858483,b0f066a214c2f5e87bad3c948f4d605d)
Start importing Assets/XRISamples/UI_2D/Prefabs/Modals/ModalDoubleButton.prefab using Guid(49e2fbde9521b4341879174df5a51b64) Importer(2089858483,b0f066a214c2f5e87bad3c948f4d605d) (ScriptedImporter) -> (artifact id: 'c0944ff2f48783af2a113677c5a96f27') in 0.0304241 seconds
Number of updated asset objects reloaded before import = 0Number of asset objects unloaded after import = 56

========================================================================
Received Import Request.
  Time since last request: 0.000021 seconds.
  path: Assets/XRISamples/ActivateInteractables/Animation/MegaphoneTrigger.playable
  artifactKey: Guid(bcc95c0c02c3bb94ba713d9e80f8a03d) Importer(2089858483,b0f066a214c2f5e87bad3c948f4d605d)
Start importing Assets/XRISamples/ActivateInteractables/Animation/MegaphoneTrigger.playable using Guid(bcc95c0c02c3bb94ba713d9e80f8a03d) Importer(2089858483,b0f066a214c2f5e87bad3c948f4d605d) (ScriptedImporter) -> (artifact id: 'b0f367162573afb238d5bde8bad439c7') in 0.0138233 seconds
Number of updated asset objects reloaded before import = 0Number of asset objects unloaded after import = 4

========================================================================
Received Import Request.
  Time since last request: 0.000016 seconds.
  path: Assets/XRISamples/Props/Prefabs/PiggyBank_Breakable.prefab
  artifactKey: Guid(22e628c57a379f144ba4cec2cab0ac51) Importer(2089858483,b0f066a214c2f5e87bad3c948f4d605d)
Start importing Assets/XRISamples/Props/Prefabs/PiggyBank_Breakable.prefab using Guid(22e628c57a379f144ba4cec2cab0ac51) Importer(2089858483,b0f066a214c2f5e87bad3c948f4d605d) (ScriptedImporter) -> (artifact id: '3f3ea5ad3a91726f3c0a6fe32d5787d2') in 0.018094 seconds
Number of updated asset objects reloaded before import = 0Number of asset objects unloaded after import = 11

========================================================================
Received Import Request.
  Time since last request: 0.000033 seconds.
  path: Assets/XRISamples/ActivateInteractables/Materials
  artifactKey: Guid(2547223c704ef894999efa762cd44a1f) Importer(2089858483,b0f066a214c2f5e87bad3c948f4d605d)
Start importing Assets/XRISamples/ActivateInteractables/Materials using Guid(2547223c704ef894999efa762cd44a1f) Importer(2089858483,b0f066a214c2f5e87bad3c948f4d605d) (ScriptedImporter) -> (artifact id: '29bb3c148d0f4330830fe3ed2acc8ce7') in 0.0135958 seconds
Number of updated asset objects reloaded before import = 0Number of asset objects unloaded after import = 1

========================================================================
Received Import Request.
  Time since last request: 0.000032 seconds.
  path: Assets/XRISamples/Scenes/XRI_Examples_Main/Lightmap-0_comp_dir.png
  artifactKey: Guid(b7adfadff3b56754e9e3db2e240717b6) Importer(2089858483,b0f066a214c2f5e87bad3c948f4d605d)
Start importing Assets/XRISamples/Scenes/XRI_Examples_Main/Lightmap-0_comp_dir.png using Guid(b7adfadff3b56754e9e3db2e240717b6) Importer(2089858483,b0f066a214c2f5e87bad3c948f4d605d) (ScriptedImporter) -> (artifact id: '134296e70aa68aebc833e95ee0923b84') in 0.0165289 seconds
Number of updated asset objects reloaded before import = 0Number of asset objects unloaded after import = 1

========================================================================
Received Import Request.
  Time since last request: 0.000025 seconds.
  path: Assets/XRISamples/Setup/Scripts
  artifactKey: Guid(7f5f2072c3cd76041b9cd9776100024b) Importer(2089858483,b0f066a214c2f5e87bad3c948f4d605d)
Start importing Assets/XRISamples/Setup/Scripts using Guid(7f5f2072c3cd76041b9cd9776100024b) Importer(2089858483,b0f066a214c2f5e87bad3c948f4d605d) (ScriptedImporter) -> (artifact id: '20bcf59215b325403a9cf77ff902e4f1') in 0.0117441 seconds
Number of updated asset objects reloaded before import = 0Number of asset objects unloaded after import = 1

========================================================================
Received Import Request.
  Time since last request: 0.000016 seconds.
  path: Assets/XRISamples/Physics/Materials
  artifactKey: Guid(5d362f0fafe76464cbf5d167151b3b88) Importer(2089858483,b0f066a214c2f5e87bad3c948f4d605d)
Start importing Assets/XRISamples/Physics/Materials using Guid(5d362f0fafe76464cbf5d167151b3b88) Importer(2089858483,b0f066a214c2f5e87bad3c948f4d605d) (ScriptedImporter) -> (artifact id: '3e762fbf8841f5973ab2052d16cdc452') in 0.0123638 seconds
Number of updated asset objects reloaded before import = 0Number of asset objects unloaded after import = 1

========================================================================
Received Import Request.
  Time since last request: 0.000015 seconds.
  path: Assets/XRISamples/Global/Prefabs/PostprocessVolume.prefab
  artifactKey: Guid(ad7927123279f3049b38329cd8836f7c) Importer(2089858483,b0f066a214c2f5e87bad3c948f4d605d)
Start importing Assets/XRISamples/Global/Prefabs/PostprocessVolume.prefab using Guid(ad7927123279f3049b38329cd8836f7c) Importer(2089858483,b0f066a214c2f5e87bad3c948f4d605d) (ScriptedImporter) -> (artifact id: '0c788288fd38cf67638544eeada7277d') in 0.0152925 seconds
Number of updated asset objects reloaded before import = 0Number of asset objects unloaded after import = 9

========================================================================
Received Import Request.
  Time since last request: 0.000019 seconds.
  path: Assets/XRISamples/Environment/Models
  artifactKey: Guid(42d1e85338eb35c49adf2088279cd1f9) Importer(2089858483,b0f066a214c2f5e87bad3c948f4d605d)
Start importing Assets/XRISamples/Environment/Models using Guid(42d1e85338eb35c49adf2088279cd1f9) Importer(2089858483,b0f066a214c2f5e87bad3c948f4d605d) (ScriptedImporter) -> (artifact id: '7368b28c778b5dad38e1ab14bf3a790b') in 0.0100119 seconds
Number of updated asset objects reloaded before import = 0Number of asset objects unloaded after import = 1

========================================================================
Received Import Request.
  Time since last request: 0.000029 seconds.
  path: Assets/XRISamples/HoverHighlight/Shaders/TransparentPulse.shader
  artifactKey: Guid(64dbf9ec24b89d54d96a3ec606b5c84c) Importer(2089858483,b0f066a214c2f5e87bad3c948f4d605d)
Start importing Assets/XRISamples/HoverHighlight/Shaders/TransparentPulse.shader using Guid(64dbf9ec24b89d54d96a3ec606b5c84c) Importer(2089858483,b0f066a214c2f5e87bad3c948f4d605d) (ScriptedImporter) -> (artifact id: '1fe05ecdb8f1287440896d872ed68e82') in 0.0148462 seconds
Number of updated asset objects reloaded before import = 0Number of asset objects unloaded after import = 1

========================================================================
Received Import Request.
  Time since last request: 0.000018 seconds.
  path: Assets/XRISamples/Environment/Materials/Adobe.mat
  artifactKey: Guid(c8950304eea7f334dab6991341a45115) Importer(2089858483,b0f066a214c2f5e87bad3c948f4d605d)
Start importing Assets/XRISamples/Environment/Materials/Adobe.mat using Guid(c8950304eea7f334dab6991341a45115) Importer(2089858483,b0f066a214c2f5e87bad3c948f4d605d) (ScriptedImporter) -> (artifact id: '67f3ea5f452cfa758d94b2e4c97c5d9c') in 0.0112702 seconds
Number of updated asset objects reloaded before import = 0Number of asset objects unloaded after import = 1

========================================================================
Received Import Request.
  Time since last request: 0.000021 seconds.
  path: Assets/XRISamples/UI_2D/Materials/WorldUI.mat
  artifactKey: Guid(d862c4d6d47b37348a252ad3f6139791) Importer(2089858483,b0f066a214c2f5e87bad3c948f4d605d)
Start importing Assets/XRISamples/UI_2D/Materials/WorldUI.mat using Guid(d862c4d6d47b37348a252ad3f6139791) Importer(2089858483,b0f066a214c2f5e87bad3c948f4d605d) (ScriptedImporter) -> (artifact id: 'f40f87da56e3f7771ff5f3675781bbca') in 0.0134697 seconds
Number of updated asset objects reloaded before import = 0Number of asset objects unloaded after import = 2

========================================================================
Received Import Request.
  Time since last request: 0.000013 seconds.
  path: Assets/XRISamples/Props/Materials/TargetRing_InnerRing_02.mat
  artifactKey: Guid(970a54a4b1b5b414c9d6ae625187198f) Importer(2089858483,b0f066a214c2f5e87bad3c948f4d605d)
Start importing Assets/XRISamples/Props/Materials/TargetRing_InnerRing_02.mat using Guid(970a54a4b1b5b414c9d6ae625187198f) Importer(2089858483,b0f066a214c2f5e87bad3c948f4d605d) (ScriptedImporter) -> (artifact id: '30d0af0849039262b14ba1a16d409d37') in 0.0106298 seconds
Number of updated asset objects reloaded before import = 0Number of asset objects unloaded after import = 1

========================================================================
Received Import Request.
  Time since last request: 0.000023 seconds.
  path: Assets/XRISamples/GrabInteractables/Models/WateringCan.fbx
  artifactKey: Guid(d1839dad2788a8844a6ddd2b0f4813ee) Importer(2089858483,b0f066a214c2f5e87bad3c948f4d605d)
Start importing Assets/XRISamples/GrabInteractables/Models/WateringCan.fbx using Guid(d1839dad2788a8844a6ddd2b0f4813ee) Importer(2089858483,b0f066a214c2f5e87bad3c948f4d605d) (ScriptedImporter) -> (artifact id: 'ea21628c758cc5f8a259ec6e0bb72b8c') in 0.0199182 seconds
Number of updated asset objects reloaded before import = 0Number of asset objects unloaded after import = 10

========================================================================
Received Import Request.
  Time since last request: 0.000016 seconds.
  path: Assets/XRISamples/UI_2D/Prefabs
  artifactKey: Guid(fe435f8bae67fea43bfa956ebb02f980) Importer(2089858483,b0f066a214c2f5e87bad3c948f4d605d)
Start importing Assets/XRISamples/UI_2D/Prefabs using Guid(fe435f8bae67fea43bfa956ebb02f980) Importer(2089858483,b0f066a214c2f5e87bad3c948f4d605d) (ScriptedImporter) -> (artifact id: '146cc50d761390265c99a38ad7d2a8bb') in 0.0097398 seconds
Number of updated asset objects reloaded before import = 0Number of asset objects unloaded after import = 1

========================================================================
Received Import Request.
  Time since last request: 0.000021 seconds.
  path: Assets/XRISamples/Physics/Materials/Glass.mat
  artifactKey: Guid(4b9ae53608d1f0e4cb27b47738fee310) Importer(2089858483,b0f066a214c2f5e87bad3c948f4d605d)
Start importing Assets/XRISamples/Physics/Materials/Glass.mat using Guid(4b9ae53608d1f0e4cb27b47738fee310) Importer(2089858483,b0f066a214c2f5e87bad3c948f4d605d) (ScriptedImporter) -> (artifact id: '6fed63c0735183e7f1f3c5a1463fd399') in 0.0123267 seconds
Number of updated asset objects reloaded before import = 0Number of asset objects unloaded after import = 1

========================================================================
Received Import Request.
  Time since last request: 0.000016 seconds.
  path: Assets/XRISamples/UI_3D/Textures/CowPrize_MS.png
  artifactKey: Guid(33cbbffae7b30094ab16ddc78d328145) Importer(2089858483,b0f066a214c2f5e87bad3c948f4d605d)
Start importing Assets/XRISamples/UI_3D/Textures/CowPrize_MS.png using Guid(33cbbffae7b30094ab16ddc78d328145) Importer(2089858483,b0f066a214c2f5e87bad3c948f4d605d) (ScriptedImporter) -> (artifact id: '97943d456cab9e53105ce29b6d36079b') in 0.0361257 seconds
Number of updated asset objects reloaded before import = 0Number of asset objects unloaded after import = 1

========================================================================
Received Import Request.
  Time since last request: 0.000019 seconds.
  path: Assets/XRISamples/UI_2D/Materials
  artifactKey: Guid(cc4ec35ed7f2f6f4fa6c848acdd1f10a) Importer(2089858483,b0f066a214c2f5e87bad3c948f4d605d)
Start importing Assets/XRISamples/UI_2D/Materials using Guid(cc4ec35ed7f2f6f4fa6c848acdd1f10a) Importer(2089858483,b0f066a214c2f5e87bad3c948f4d605d) (ScriptedImporter) -> (artifact id: '81bd57acd1ed67b2875fa48ffa5a7962') in 0.0086543 seconds
Number of updated asset objects reloaded before import = 0Number of asset objects unloaded after import = 1

========================================================================
Received Import Request.
  Time since last request: 0.000021 seconds.
  path: Assets/XRISamples/Global/Scripts/LocomotionManager.cs
  artifactKey: Guid(fa74d384629b02340bc59709603b0771) Importer(2089858483,b0f066a214c2f5e87bad3c948f4d605d)
Start importing Assets/XRISamples/Global/Scripts/LocomotionManager.cs using Guid(fa74d384629b02340bc59709603b0771) Importer(2089858483,b0f066a214c2f5e87bad3c948f4d605d) (ScriptedImporter) -> (artifact id: '7a60ec2f191868c49515c0d6f94df7b8') in 0.0368988 seconds
Number of updated asset objects reloaded before import = 0Number of asset objects unloaded after import = 0

========================================================================
Received Import Request.
  Time since last request: 0.000019 seconds.
  path: Assets/XRISamples/Scenes/XRI_Examples_Main/Lightmap-13_comp_dir.png
  artifactKey: Guid(3dff94fae0ebd894396a9a5984f9b9ea) Importer(2089858483,b0f066a214c2f5e87bad3c948f4d605d)
Start importing Assets/XRISamples/Scenes/XRI_Examples_Main/Lightmap-13_comp_dir.png using Guid(3dff94fae0ebd894396a9a5984f9b9ea) Importer(2089858483,b0f066a214c2f5e87bad3c948f4d605d) (ScriptedImporter) -> (artifact id: '9d898fa0079dc56fb593b22acf4bc402') in 0.016183 seconds
Number of updated asset objects reloaded before import = 0Number of asset objects unloaded after import = 1

========================================================================
Received Import Request.
  Time since last request: 0.000029 seconds.
  path: Assets/XRISamples/Props/Models/Primitive_Pyramid.fbx
  artifactKey: Guid(2488f82ef2901504a9a3927396ab5291) Importer(2089858483,b0f066a214c2f5e87bad3c948f4d605d)
Start importing Assets/XRISamples/Props/Models/Primitive_Pyramid.fbx using Guid(2488f82ef2901504a9a3927396ab5291) Importer(2089858483,b0f066a214c2f5e87bad3c948f4d605d) (ScriptedImporter) -> (artifact id: 'a857c58bfa7e831057af7093e587d818') in 0.01486 seconds
Number of updated asset objects reloaded before import = 0Number of asset objects unloaded after import = 8

========================================================================
Received Import Request.
  Time since last request: 0.000014 seconds.
  path: Assets/XRISamples/ActivateInteractables/Audio/Megaphone.mp3
  artifactKey: Guid(1cb761d3a2b41174ea253f98b468b3cc) Importer(2089858483,b0f066a214c2f5e87bad3c948f4d605d)
Start importing Assets/XRISamples/ActivateInteractables/Audio/Megaphone.mp3 using Guid(1cb761d3a2b41174ea253f98b468b3cc) Importer(2089858483,b0f066a214c2f5e87bad3c948f4d605d) (ScriptedImporter) -> (artifact id: '254efbbb1f721bde81d7e265774b6c34') in 0.0293444 seconds
Number of updated asset objects reloaded before import = 0Number of asset objects unloaded after import = 1

========================================================================
Received Import Request.
  Time since last request: 0.000023 seconds.
  path: Assets/XRISamples/ActivateInteractables/Materials/Launcher_Blue_2H.mat
  artifactKey: Guid(1c67dbb64e675e440abdaa545eb6f002) Importer(2089858483,b0f066a214c2f5e87bad3c948f4d605d)
Start importing Assets/XRISamples/ActivateInteractables/Materials/Launcher_Blue_2H.mat using Guid(1c67dbb64e675e440abdaa545eb6f002) Importer(2089858483,b0f066a214c2f5e87bad3c948f4d605d) (ScriptedImporter) -> (artifact id: 'ab7c80664c5f119305c937cb402e725b') in 0.013968 seconds
Number of updated asset objects reloaded before import = 0Number of asset objects unloaded after import = 2

========================================================================
Received Import Request.
  Time since last request: 0.000022 seconds.
  path: Assets/XRISamples/UI_3D/Materials/Hole.mat
  artifactKey: Guid(9e8d496d63ad50744a0057e76919b9c4) Importer(2089858483,b0f066a214c2f5e87bad3c948f4d605d)
Start importing Assets/XRISamples/UI_3D/Materials/Hole.mat using Guid(9e8d496d63ad50744a0057e76919b9c4) Importer(2089858483,b0f066a214c2f5e87bad3c948f4d605d) (ScriptedImporter) -> (artifact id: '76b128ff207af7b856a98304b53776b3') in 0.0115055 seconds
Number of updated asset objects reloaded before import = 0Number of asset objects unloaded after import = 1

========================================================================
Received Import Request.
  Time since last request: 0.000012 seconds.
  path: Assets/XRISamples/HoverHighlight/Scripts
  artifactKey: Guid(7b0e090d3550e4c45be342de8c13dc3d) Importer(2089858483,b0f066a214c2f5e87bad3c948f4d605d)
Start importing Assets/XRISamples/HoverHighlight/Scripts using Guid(7b0e090d3550e4c45be342de8c13dc3d) Importer(2089858483,b0f066a214c2f5e87bad3c948f4d605d) (ScriptedImporter) -> (artifact id: 'adfefd55c39ac1a47f82bd6c01ebdf4f') in 0.0092874 seconds
Number of updated asset objects reloaded before import = 0Number of asset objects unloaded after import = 1

========================================================================
Received Import Request.
  Time since last request: 0.000015 seconds.
  path: Assets/XRISamples/GrabInteractables/Prefabs/VelocityTrackedCube.prefab
  artifactKey: Guid(ed79eaa9dbed71a46b42588537c577a7) Importer(2089858483,b0f066a214c2f5e87bad3c948f4d605d)
Start importing Assets/XRISamples/GrabInteractables/Prefabs/VelocityTrackedCube.prefab using Guid(ed79eaa9dbed71a46b42588537c577a7) Importer(2089858483,b0f066a214c2f5e87bad3c948f4d605d) (ScriptedImporter) -> (artifact id: '7bd9251be1f14b15024c23f84ca78a0e') in 0.0173329 seconds
Number of updated asset objects reloaded before import = 0Number of asset objects unloaded after import = 16

========================================================================
Received Import Request.
  Time since last request: 0.000018 seconds.
  path: Assets/XRISamples/Props/Scripts/OnTrigger.cs
  artifactKey: Guid(59fe722e016ecae438f59fbf21af3ecf) Importer(2089858483,b0f066a214c2f5e87bad3c948f4d605d)
Start importing Assets/XRISamples/Props/Scripts/OnTrigger.cs using Guid(59fe722e016ecae438f59fbf21af3ecf) Importer(2089858483,b0f066a214c2f5e87bad3c948f4d605d) (ScriptedImporter) -> (artifact id: '0aa5eecbd9647d887fe964491800df2d') in 0.010009 seconds
Number of updated asset objects reloaded before import = 0Number of asset objects unloaded after import = 0

========================================================================
Received Import Request.
  Time since last request: 0.000015 seconds.
  path: Assets/XRISamples/Scenes/XRI_Examples_Main/Lightmap-24_comp_dir.png
  artifactKey: Guid(a73844cc9302e724b9a6e551d222c55c) Importer(2089858483,b0f066a214c2f5e87bad3c948f4d605d)
Start importing Assets/XRISamples/Scenes/XRI_Examples_Main/Lightmap-24_comp_dir.png using Guid(a73844cc9302e724b9a6e551d222c55c) Importer(2089858483,b0f066a214c2f5e87bad3c948f4d605d) (ScriptedImporter) -> (artifact id: '8eae2e0bcd177b5b78c6d367370f565e') in 0.0120868 seconds
Number of updated asset objects reloaded before import = 0Number of asset objects unloaded after import = 1

========================================================================
Received Import Request.
  Time since last request: 0.000017 seconds.
  path: Assets/XRISamples/SocketInteractors/Scripts/KeyLockSystem/Lock.cs
  artifactKey: Guid(1d479cceb8cf26842888dcaf56f46717) Importer(2089858483,b0f066a214c2f5e87bad3c948f4d605d)
Start importing Assets/XRISamples/SocketInteractors/Scripts/KeyLockSystem/Lock.cs using Guid(1d479cceb8cf26842888dcaf56f46717) Importer(2089858483,b0f066a214c2f5e87bad3c948f4d605d) (ScriptedImporter) -> (artifact id: 'f5576ce58a9d95704356a4149b62bb87') in 0.0111107 seconds
Number of updated asset objects reloaded before import = 0Number of asset objects unloaded after import = 0

========================================================================
Received Import Request.
  Time since last request: 0.000027 seconds.
  path: Assets/XRISamples/Environment/Textures/Stucco_N.png
  artifactKey: Guid(7a26ef6b408f7aa49890ace2d2bc4fc2) Importer(2089858483,b0f066a214c2f5e87bad3c948f4d605d)
Start importing Assets/XRISamples/Environment/Textures/Stucco_N.png using Guid(7a26ef6b408f7aa49890ace2d2bc4fc2) Importer(2089858483,b0f066a214c2f5e87bad3c948f4d605d) (ScriptedImporter) -> (artifact id: 'bb6a147999ce0bc92c39e70e4e80145d') in 0.0159523 seconds
Number of updated asset objects reloaded before import = 0Number of asset objects unloaded after import = 1

========================================================================
Received Import Request.
  Time since last request: 0.000013 seconds.
  path: Assets/XRISamples/UI_3D/Prefabs/Joystick.prefab
  artifactKey: Guid(f987e56f5c36e264e888555e47dec1bc) Importer(2089858483,b0f066a214c2f5e87bad3c948f4d605d)
Start importing Assets/XRISamples/UI_3D/Prefabs/Joystick.prefab using Guid(f987e56f5c36e264e888555e47dec1bc) Importer(2089858483,b0f066a214c2f5e87bad3c948f4d605d) (ScriptedImporter) -> (artifact id: 'fafcf049807332967fb81a77e8f5ef47') in 0.0105381 seconds
Number of updated asset objects reloaded before import = 0Number of asset objects unloaded after import = 25

========================================================================
Received Import Request.
  Time since last request: 0.000017 seconds.
  path: Assets/XRISamples/Scenes/XRI_Examples_Main/Lightmap-11_comp_light.exr
  artifactKey: Guid(24d0bf9b68b3c544e87e71f70b48d30a) Importer(2089858483,b0f066a214c2f5e87bad3c948f4d605d)
Start importing Assets/XRISamples/Scenes/XRI_Examples_Main/Lightmap-11_comp_light.exr using Guid(24d0bf9b68b3c544e87e71f70b48d30a) Importer(2089858483,b0f066a214c2f5e87bad3c948f4d605d) (ScriptedImporter) -> (artifact id: 'b1056e0009bd983a8fdac07f09b657c7') in 0.0141409 seconds
Number of updated asset objects reloaded before import = 0Number of asset objects unloaded after import = 1

========================================================================
Received Import Request.
  Time since last request: 0.000014 seconds.
  path: Assets/XRISamples/UI_2D/Prefabs/Dropdown/Dropdown.prefab
  artifactKey: Guid(c07ef68f08a1b5a4fb6c4b71ea47b8ba) Importer(2089858483,b0f066a214c2f5e87bad3c948f4d605d)
Start importing Assets/XRISamples/UI_2D/Prefabs/Dropdown/Dropdown.prefab using Guid(c07ef68f08a1b5a4fb6c4b71ea47b8ba) Importer(2089858483,b0f066a214c2f5e87bad3c948f4d605d) (ScriptedImporter) -> (artifact id: 'fbe9622c4a98ab50b3cde9fcf4af605a') in 0.0439102 seconds
Number of updated asset objects reloaded before import = 0Number of asset objects unloaded after import = 69

========================================================================
Received Import Request.
  Time since last request: 0.000022 seconds.
  path: Assets/XRISamples/Physics/Prefabs/DoorKey.prefab
  artifactKey: Guid(52b0efbba0ab54548af1006d60566fe1) Importer(2089858483,b0f066a214c2f5e87bad3c948f4d605d)
Start importing Assets/XRISamples/Physics/Prefabs/DoorKey.prefab using Guid(52b0efbba0ab54548af1006d60566fe1) Importer(2089858483,b0f066a214c2f5e87bad3c948f4d605d) (ScriptedImporter) -> (artifact id: '85e7679bef7bd28e0c2eccec3144a80b') in 0.0137687 seconds
Number of updated asset objects reloaded before import = 0Number of asset objects unloaded after import = 23

========================================================================
Received Import Request.
  Time since last request: 0.000027 seconds.
  path: Assets/XRISamples/GrabInteractables/Audio
  artifactKey: Guid(42c747c56dbd32f40b2b73d16e11c3e2) Importer(2089858483,b0f066a214c2f5e87bad3c948f4d605d)
Start importing Assets/XRISamples/GrabInteractables/Audio using Guid(42c747c56dbd32f40b2b73d16e11c3e2) Importer(2089858483,b0f066a214c2f5e87bad3c948f4d605d) (ScriptedImporter) -> (artifact id: '6017e7821b4ca1499a6a3eae25af7443') in 0.0094158 seconds
Number of updated asset objects reloaded before import = 0Number of asset objects unloaded after import = 1

========================================================================
Received Import Request.
  Time since last request: 0.000015 seconds.
  path: Assets/XRISamples/Environment/Models/DistantTerrain.fbx
  artifactKey: Guid(4f48a4d27ebdec44486acc3a292535b7) Importer(2089858483,b0f066a214c2f5e87bad3c948f4d605d)
Start importing Assets/XRISamples/Environment/Models/DistantTerrain.fbx using Guid(4f48a4d27ebdec44486acc3a292535b7) Importer(2089858483,b0f066a214c2f5e87bad3c948f4d605d) (ScriptedImporter) -> (artifact id: '61ce17c16cba7e672b636e8c56bb8c1a') in 0.0157462 seconds
Number of updated asset objects reloaded before import = 0Number of asset objects unloaded after import = 91

========================================================================
Received Import Request.
  Time since last request: 0.000013 seconds.
  path: Assets/XRISamples/UI_2D/Sprites/Shared
  artifactKey: Guid(40738a4195bf6c243a9b3feca2ba17f4) Importer(2089858483,b0f066a214c2f5e87bad3c948f4d605d)
Start importing Assets/XRISamples/UI_2D/Sprites/Shared using Guid(40738a4195bf6c243a9b3feca2ba17f4) Importer(2089858483,b0f066a214c2f5e87bad3c948f4d605d) (ScriptedImporter) -> (artifact id: 'd3567530576ee4e07a80637fe1919c60') in 0.0085158 seconds
Number of updated asset objects reloaded before import = 0Number of asset objects unloaded after import = 1

========================================================================
Received Import Request.
  Time since last request: 0.000013 seconds.
  path: Assets/XRISamples/GrabInteractables/Materials/Plastic_Black.mat
  artifactKey: Guid(cf0f731069e4f554fa828c1d2f9fce6e) Importer(2089858483,b0f066a214c2f5e87bad3c948f4d605d)
Start importing Assets/XRISamples/GrabInteractables/Materials/Plastic_Black.mat using Guid(cf0f731069e4f554fa828c1d2f9fce6e) Importer(2089858483,b0f066a214c2f5e87bad3c948f4d605d) (ScriptedImporter) -> (artifact id: '314982769a9f9b1fb727046272a0395a') in 0.0107615 seconds
Number of updated asset objects reloaded before import = 0Number of asset objects unloaded after import = 1

========================================================================
Received Import Request.
  Time since last request: 0.000015 seconds.
  path: Assets/XRISamples/Props/Textures/WaterSprinkles_N.png
  artifactKey: Guid(00baf355fb53f5745b517e644792d0f5) Importer(2089858483,b0f066a214c2f5e87bad3c948f4d605d)
Start importing Assets/XRISamples/Props/Textures/WaterSprinkles_N.png using Guid(00baf355fb53f5745b517e644792d0f5) Importer(2089858483,b0f066a214c2f5e87bad3c948f4d605d) (ScriptedImporter) -> (artifact id: '0e3afe3d1fc69f3619a8405e486af110') in 0.0169643 seconds
Number of updated asset objects reloaded before import = 0Number of asset objects unloaded after import = 1

========================================================================
Received Import Request.
  Time since last request: 0.000016 seconds.
  path: Assets/XRISamples/Global/RendererData/PostProcessingProfile.asset
  artifactKey: Guid(f82af6daf01e2d34683ea703ec757819) Importer(2089858483,b0f066a214c2f5e87bad3c948f4d605d)
Start importing Assets/XRISamples/Global/RendererData/PostProcessingProfile.asset using Guid(f82af6daf01e2d34683ea703ec757819) Importer(2089858483,b0f066a214c2f5e87bad3c948f4d605d) (ScriptedImporter) -> (artifact id: '8d0377f466679d960e673664ade59ced') in 0.0115568 seconds
Number of updated asset objects reloaded before import = 0Number of asset objects unloaded after import = 4

========================================================================
Received Import Request.
  Time since last request: 0.000032 seconds.
  path: Assets/XRISamples/VRWalkthrough/Prefabs
  artifactKey: Guid(d6006c6f744e3ad4fa3e5e09d187d4ac) Importer(2089858483,b0f066a214c2f5e87bad3c948f4d605d)
Start importing Assets/XRISamples/VRWalkthrough/Prefabs using Guid(d6006c6f744e3ad4fa3e5e09d187d4ac) Importer(2089858483,b0f066a214c2f5e87bad3c948f4d605d) (ScriptedImporter) -> (artifact id: '6b6cd3eac99c26c76e7c6df705db1136') in 0.0098059 seconds
Number of updated asset objects reloaded before import = 0Number of asset objects unloaded after import = 1

========================================================================
Received Import Request.
  Time since last request: 0.000014 seconds.
  path: Assets/XRISamples/Props/Models/StickStand.fbx
  artifactKey: Guid(73ee660fe7cda464bb7ec5f8fdca6961) Importer(2089858483,b0f066a214c2f5e87bad3c948f4d605d)
Start importing Assets/XRISamples/Props/Models/StickStand.fbx using Guid(73ee660fe7cda464bb7ec5f8fdca6961) Importer(2089858483,b0f066a214c2f5e87bad3c948f4d605d) (ScriptedImporter) -> (artifact id: 'f50c15d7f00a256e02ff81668b0114d5') in 0.012652 seconds
Number of updated asset objects reloaded before import = 0Number of asset objects unloaded after import = 14

========================================================================
Received Import Request.
  Time since last request: 0.000020 seconds.
  path: Assets/XRISamples/UI_3D/Scripts/XRKnob.cs
  artifactKey: Guid(65a8500fa86faa04596fb5f9d40efeae) Importer(2089858483,b0f066a214c2f5e87bad3c948f4d605d)
Start importing Assets/XRISamples/UI_3D/Scripts/XRKnob.cs using Guid(65a8500fa86faa04596fb5f9d40efeae) Importer(2089858483,b0f066a214c2f5e87bad3c948f4d605d) (ScriptedImporter) -> (artifact id: '64bb30cb51097516867bd1619c0d7703') in 0.0101082 seconds
Number of updated asset objects reloaded before import = 0Number of asset objects unloaded after import = 0

========================================================================
Received Import Request.
  Time since last request: 0.000014 seconds.
  path: Assets/XRISamples/Props/Scripts
  artifactKey: Guid(6d17c08744731d74ebeb53e44f321a56) Importer(2089858483,b0f066a214c2f5e87bad3c948f4d605d)
Start importing Assets/XRISamples/Props/Scripts using Guid(6d17c08744731d74ebeb53e44f321a56) Importer(2089858483,b0f066a214c2f5e87bad3c948f4d605d) (ScriptedImporter) -> (artifact id: '665a0147e2f394bf6379121ecc1f00e0') in 0.0089296 seconds
Number of updated asset objects reloaded before import = 0Number of asset objects unloaded after import = 1

========================================================================
Received Import Request.
  Time since last request: 0.000017 seconds.
  path: Assets/XRISamples/HoverHighlight/Scripts/HighlightController.cs
  artifactKey: Guid(4c01ba99b66d7e74f8c5cbc4aaf7b411) Importer(2089858483,b0f066a214c2f5e87bad3c948f4d605d)
Start importing Assets/XRISamples/HoverHighlight/Scripts/HighlightController.cs using Guid(4c01ba99b66d7e74f8c5cbc4aaf7b411) Importer(2089858483,b0f066a214c2f5e87bad3c948f4d605d) (ScriptedImporter) -> (artifact id: '589fbe8d897d3e91b774f197bac77ca2') in 0.0115952 seconds
Number of updated asset objects reloaded before import = 0Number of asset objects unloaded after import = 0

========================================================================
Received Import Request.
  Time since last request: 0.000019 seconds.
  path: Assets/XRISamples/GrabInteractables/Materials/Rubber_Grey.mat
  artifactKey: Guid(79fcff92f6227984fbecd8ee0a2ad6af) Importer(2089858483,b0f066a214c2f5e87bad3c948f4d605d)
Start importing Assets/XRISamples/GrabInteractables/Materials/Rubber_Grey.mat using Guid(79fcff92f6227984fbecd8ee0a2ad6af) Importer(2089858483,b0f066a214c2f5e87bad3c948f4d605d) (ScriptedImporter) -> (artifact id: '0898f552fd279addfb136679491c400b') in 0.0113011 seconds
Number of updated asset objects reloaded before import = 0Number of asset objects unloaded after import = 1

========================================================================
Received Import Request.
  Time since last request: 0.000027 seconds.
  path: Assets/XRISamples/ActivateInteractables/Prefabs/Launcher2H.prefab
  artifactKey: Guid(f26c6e321b50489479b8ce05321a9ece) Importer(2089858483,b0f066a214c2f5e87bad3c948f4d605d)
Start importing Assets/XRISamples/ActivateInteractables/Prefabs/Launcher2H.prefab using Guid(f26c6e321b50489479b8ce05321a9ece) Importer(2089858483,b0f066a214c2f5e87bad3c948f4d605d) (ScriptedImporter) -> (artifact id: '3b6b5db223b4e05aa327bb3d3bb1b356') in 0.021218 seconds
Number of updated asset objects reloaded before import = 0Number of asset objects unloaded after import = 69

========================================================================
Received Import Request.
  Time since last request: 0.000018 seconds.
  path: Assets/XRISamples/Environment/Shaders/Waterfall_Plane.shadergraph
  artifactKey: Guid(4599dbc6b6e3d3540b58aa7bef824e8e) Importer(2089858483,b0f066a214c2f5e87bad3c948f4d605d)
Start importing Assets/XRISamples/Environment/Shaders/Waterfall_Plane.shadergraph using Guid(4599dbc6b6e3d3540b58aa7bef824e8e) Importer(2089858483,b0f066a214c2f5e87bad3c948f4d605d) (ScriptedImporter) -> (artifact id: '46ce6eab1978e8ee2a560f434d1c9777') in 0.0132892 seconds
Number of updated asset objects reloaded before import = 0Number of asset objects unloaded after import = 5

========================================================================
Received Import Request.
  Time since last request: 0.000015 seconds.
  path: Assets/XRISamples/SocketInteractors/Models
  artifactKey: Guid(a9c7e642fb122de47ab592cedfce0e87) Importer(2089858483,b0f066a214c2f5e87bad3c948f4d605d)
Start importing Assets/XRISamples/SocketInteractors/Models using Guid(a9c7e642fb122de47ab592cedfce0e87) Importer(2089858483,b0f066a214c2f5e87bad3c948f4d605d) (ScriptedImporter) -> (artifact id: '2c7e7b02311c5a48cda0a0ae2f553d2c') in 0.0087928 seconds
Number of updated asset objects reloaded before import = 0Number of asset objects unloaded after import = 1

========================================================================
Received Import Request.
  Time since last request: 0.000015 seconds.
  path: Assets/XRISamples/UI_2D/Shaders
  artifactKey: Guid(0af536399e11e584b9b9c878ca37c578) Importer(2089858483,b0f066a214c2f5e87bad3c948f4d605d)
Start importing Assets/XRISamples/UI_2D/Shaders using Guid(0af536399e11e584b9b9c878ca37c578) Importer(2089858483,b0f066a214c2f5e87bad3c948f4d605d) (ScriptedImporter) -> (artifact id: '9e61cbcc7ba10440ab8c94809b76d933') in 0.0252342 seconds
Number of updated asset objects reloaded before import = 0Number of asset objects unloaded after import = 1

========================================================================
Received Import Request.
  Time since last request: 0.000016 seconds.
  path: Assets/XRISamples/SocketInteractors/Prefabs/PegGreen.prefab
  artifactKey: Guid(d4c1e06fbad4a7e4997fed867182f18c) Importer(2089858483,b0f066a214c2f5e87bad3c948f4d605d)
Start importing Assets/XRISamples/SocketInteractors/Prefabs/PegGreen.prefab using Guid(d4c1e06fbad4a7e4997fed867182f18c) Importer(2089858483,b0f066a214c2f5e87bad3c948f4d605d) (ScriptedImporter) -> (artifact id: '999f3cfbc86ae1e64eafa327129529db') in 0.0177809 seconds
Number of updated asset objects reloaded before import = 0Number of asset objects unloaded after import = 38

========================================================================
Received Import Request.
  Time since last request: 0.000025 seconds.
  path: Assets/XRISamples/Props/Prefabs/CandleSmallRound.prefab
  artifactKey: Guid(59f62e5ab55b9874f9b678433bf3b681) Importer(2089858483,b0f066a214c2f5e87bad3c948f4d605d)
Start importing Assets/XRISamples/Props/Prefabs/CandleSmallRound.prefab using Guid(59f62e5ab55b9874f9b678433bf3b681) Importer(2089858483,b0f066a214c2f5e87bad3c948f4d605d) (ScriptedImporter) -> (artifact id: '348368875a1f311f9e7404db1e414c7c') in 0.0161018 seconds
Number of updated asset objects reloaded before import = 0Number of asset objects unloaded after import = 31

========================================================================
Received Import Request.
  Time since last request: 0.000017 seconds.
  path: Assets/XRISamples/Props/Scripts/Breakable.cs
  artifactKey: Guid(ecc3a8c5ad509204cb2ac78f2182017c) Importer(2089858483,b0f066a214c2f5e87bad3c948f4d605d)
Start importing Assets/XRISamples/Props/Scripts/Breakable.cs using Guid(ecc3a8c5ad509204cb2ac78f2182017c) Importer(2089858483,b0f066a214c2f5e87bad3c948f4d605d) (ScriptedImporter) -> (artifact id: '10aa47c01a1f8eaee94fe4111d5b25f7') in 0.0105951 seconds
Number of updated asset objects reloaded before import = 0Number of asset objects unloaded after import = 0

========================================================================
Received Import Request.
  Time since last request: 0.000017 seconds.
  path: Assets/XRISamples/Environment/Materials/CloudSphere.mat
  artifactKey: Guid(d7c6b50ecf0a47546bc8ae61cc2ed0a7) Importer(2089858483,b0f066a214c2f5e87bad3c948f4d605d)
Start importing Assets/XRISamples/Environment/Materials/CloudSphere.mat using Guid(d7c6b50ecf0a47546bc8ae61cc2ed0a7) Importer(2089858483,b0f066a214c2f5e87bad3c948f4d605d) (ScriptedImporter) -> (artifact id: 'd724e9d61569b9dec6a50f87737f954c') in 0.0145215 seconds
Number of updated asset objects reloaded before import = 0Number of asset objects unloaded after import = 7

========================================================================
Received Import Request.
  Time since last request: 0.000013 seconds.
  path: Assets/XRISamples/Props/Scripts/TargetRing.cs
  artifactKey: Guid(a75979ceb20a38641959e8f116d9b60e) Importer(2089858483,b0f066a214c2f5e87bad3c948f4d605d)
Start importing Assets/XRISamples/Props/Scripts/TargetRing.cs using Guid(a75979ceb20a38641959e8f116d9b60e) Importer(2089858483,b0f066a214c2f5e87bad3c948f4d605d) (ScriptedImporter) -> (artifact id: '503679a7a58b02df6576d1210f8f1bdd') in 0.0108055 seconds
Number of updated asset objects reloaded before import = 0Number of asset objects unloaded after import = 0

========================================================================
Received Import Request.
  Time since last request: 0.000016 seconds.
  path: Assets/XRISamples/Props/Textures
  artifactKey: Guid(e13a473f56ec8264d807771e50342ae0) Importer(2089858483,b0f066a214c2f5e87bad3c948f4d605d)
Start importing Assets/XRISamples/Props/Textures using Guid(e13a473f56ec8264d807771e50342ae0) Importer(2089858483,b0f066a214c2f5e87bad3c948f4d605d) (ScriptedImporter) -> (artifact id: 'b790bef13f04781c32a27d4787aa61f5') in 0.0094635 seconds
Number of updated asset objects reloaded before import = 0Number of asset objects unloaded after import = 1

========================================================================
Received Import Request.
  Time since last request: 0.000017 seconds.
  path: Assets/XRISamples/Props/Materials/TargetRing_InnerCenter.mat
  artifactKey: Guid(3730193dba6c4eb4b86feafbdb06740b) Importer(2089858483,b0f066a214c2f5e87bad3c948f4d605d)
Start importing Assets/XRISamples/Props/Materials/TargetRing_InnerCenter.mat using Guid(3730193dba6c4eb4b86feafbdb06740b) Importer(2089858483,b0f066a214c2f5e87bad3c948f4d605d) (ScriptedImporter) -> (artifact id: 'fdd15b69839cf5a6a100ec8a1cbc032d') in 0.0113169 seconds
Number of updated asset objects reloaded before import = 0Number of asset objects unloaded after import = 1

========================================================================
Received Import Request.
  Time since last request: 0.000045 seconds.
  path: Assets/XRISamples/SocketInteractors/Models/PerlerMachine.fbx
  artifactKey: Guid(2300b5457da4225468aac7532c591cc0) Importer(2089858483,b0f066a214c2f5e87bad3c948f4d605d)
Start importing Assets/XRISamples/SocketInteractors/Models/PerlerMachine.fbx using Guid(2300b5457da4225468aac7532c591cc0) Importer(2089858483,b0f066a214c2f5e87bad3c948f4d605d) (ScriptedImporter) -> (artifact id: '2f4325f2cca1f21a108f6fdfa21eef5d') in 0.0196555 seconds
Number of updated asset objects reloaded before import = 0Number of asset objects unloaded after import = 64

========================================================================
Received Import Request.
  Time since last request: 0.000020 seconds.
  path: Assets/XRISamples/Setup/Prefabs/LocomotionSettings.prefab
  artifactKey: Guid(11d9c2d4a31153d48871dba786324550) Importer(2089858483,b0f066a214c2f5e87bad3c948f4d605d)
Start importing Assets/XRISamples/Setup/Prefabs/LocomotionSettings.prefab using Guid(11d9c2d4a31153d48871dba786324550) Importer(2089858483,b0f066a214c2f5e87bad3c948f4d605d) (ScriptedImporter) -> (artifact id: '4075568e55183a4c81122541b4debc86') in 0.024121 seconds
Number of updated asset objects reloaded before import = 0Number of asset objects unloaded after import = 558

========================================================================
Received Import Request.
  Time since last request: 0.000014 seconds.
  path: Assets/XRISamples/Scenes/XRI_Examples_Main/Lightmap-4_comp_light.exr
  artifactKey: Guid(5e547fa38c1be384880304ad308f8253) Importer(2089858483,b0f066a214c2f5e87bad3c948f4d605d)
Start importing Assets/XRISamples/Scenes/XRI_Examples_Main/Lightmap-4_comp_light.exr using Guid(5e547fa38c1be384880304ad308f8253) Importer(2089858483,b0f066a214c2f5e87bad3c948f4d605d) (ScriptedImporter) -> (artifact id: 'f7289b03b76a2756de1390be2ecdd2a3') in 0.0131791 seconds
Number of updated asset objects reloaded before import = 0Number of asset objects unloaded after import = 1

========================================================================
Received Import Request.
  Time since last request: 0.000012 seconds.
  path: Assets/XRISamples/Environment/Materials/Environment_White.mat
  artifactKey: Guid(b38d65a3c1c9b274584a7b0bb59bd3c6) Importer(2089858483,b0f066a214c2f5e87bad3c948f4d605d)
Start importing Assets/XRISamples/Environment/Materials/Environment_White.mat using Guid(b38d65a3c1c9b274584a7b0bb59bd3c6) Importer(2089858483,b0f066a214c2f5e87bad3c948f4d605d) (ScriptedImporter) -> (artifact id: 'e29175e462d77a3aa11e4ef834c7bfa2') in 0.0098891 seconds
Number of updated asset objects reloaded before import = 0Number of asset objects unloaded after import = 1

========================================================================
Received Import Request.
  Time since last request: 0.000013 seconds.
  path: Assets/XRISamples/Global/Scripts/OnAnimationEvent.cs
  artifactKey: Guid(5f41c6b958fe5744f9a8db4b5e83a155) Importer(2089858483,b0f066a214c2f5e87bad3c948f4d605d)
Start importing Assets/XRISamples/Global/Scripts/OnAnimationEvent.cs using Guid(5f41c6b958fe5744f9a8db4b5e83a155) Importer(2089858483,b0f066a214c2f5e87bad3c948f4d605d) (ScriptedImporter) -> (artifact id: '1982fcde0edbbb6564edaac0311fff45') in 0.0074937 seconds
Number of updated asset objects reloaded before import = 0Number of asset objects unloaded after import = 0

========================================================================
Received Import Request.
  Time since last request: 0.000024 seconds.
  path: Assets/XRISamples/ActivateInteractables/Animation/LauncherTrigger2H.playable
  artifactKey: Guid(d000b7d87ec8d734e83bdb6735bbca2e) Importer(2089858483,b0f066a214c2f5e87bad3c948f4d605d)
Start importing Assets/XRISamples/ActivateInteractables/Animation/LauncherTrigger2H.playable using Guid(d000b7d87ec8d734e83bdb6735bbca2e) Importer(2089858483,b0f066a214c2f5e87bad3c948f4d605d) (ScriptedImporter) -> (artifact id: '02e39e18666acb4100e3367fc2f6eb0c') in 0.0106829 seconds
Number of updated asset objects reloaded before import = 0Number of asset objects unloaded after import = 4

========================================================================
Received Import Request.
  Time since last request: 0.000013 seconds.
  path: Assets/XRISamples/UI_2D/Sprites/Shared/Circle.png
  artifactKey: Guid(c4fdd0d0c172917448b20e4b4e1a4fe8) Importer(2089858483,b0f066a214c2f5e87bad3c948f4d605d)
Start importing Assets/XRISamples/UI_2D/Sprites/Shared/Circle.png using Guid(c4fdd0d0c172917448b20e4b4e1a4fe8) Importer(2089858483,b0f066a214c2f5e87bad3c948f4d605d) (ScriptedImporter) -> (artifact id: 'ba75c5b6796c80f1bbfc4023e115a41d') in 0.0128839 seconds
Number of updated asset objects reloaded before import = 0Number of asset objects unloaded after import = 3

========================================================================
Received Import Request.
  Time since last request: 0.000014 seconds.
  path: Assets/XRISamples/ActivateInteractables/Textures/Lighter_AO.png
  artifactKey: Guid(b3c2a8a8e4905dd47be01ad0737fb752) Importer(2089858483,b0f066a214c2f5e87bad3c948f4d605d)
Start importing Assets/XRISamples/ActivateInteractables/Textures/Lighter_AO.png using Guid(b3c2a8a8e4905dd47be01ad0737fb752) Importer(2089858483,b0f066a214c2f5e87bad3c948f4d605d) (ScriptedImporter) -> (artifact id: 'e44d8690307c23f8e2961c33205c7c81') in 0.0125435 seconds
Number of updated asset objects reloaded before import = 0Number of asset objects unloaded after import = 1

========================================================================
Received Import Request.
  Time since last request: 0.000013 seconds.
  path: Assets/XRISamples/Scenes/XRI_Examples_Main/Lightmap-7_comp_dir.png
  artifactKey: Guid(286d498e176903c42bda37a8ed6edfcb) Importer(2089858483,b0f066a214c2f5e87bad3c948f4d605d)
Start importing Assets/XRISamples/Scenes/XRI_Examples_Main/Lightmap-7_comp_dir.png using Guid(286d498e176903c42bda37a8ed6edfcb) Importer(2089858483,b0f066a214c2f5e87bad3c948f4d605d) (ScriptedImporter) -> (artifact id: 'a50c9991f9ac9a08c7126ded01b57e10') in 0.0119152 seconds
Number of updated asset objects reloaded before import = 0Number of asset objects unloaded after import = 1

========================================================================
Received Import Request.
  Time since last request: 0.000013 seconds.
  path: Assets/XRISamples/SocketInteractors/Prefabs/PegRed.prefab
  artifactKey: Guid(8cfdc8af9b87107498738c8db9e10893) Importer(2089858483,b0f066a214c2f5e87bad3c948f4d605d)
Start importing Assets/XRISamples/SocketInteractors/Prefabs/PegRed.prefab using Guid(8cfdc8af9b87107498738c8db9e10893) Importer(2089858483,b0f066a214c2f5e87bad3c948f4d605d) (ScriptedImporter) -> (artifact id: 'bb583dbe44a7244d34d35ebbd4c50b07') in 0.0180045 seconds
Number of updated asset objects reloaded before import = 0Number of asset objects unloaded after import = 38

========================================================================
Received Import Request.
  Time since last request: 0.000028 seconds.
  path: Assets/XRISamples/SocketInteractors/SocketKeys/BatterySocketKey.asset
  artifactKey: Guid(8496af77b6fb51643bc04caf6f8200bf) Importer(2089858483,b0f066a214c2f5e87bad3c948f4d605d)
Start importing Assets/XRISamples/SocketInteractors/SocketKeys/BatterySocketKey.asset using Guid(8496af77b6fb51643bc04caf6f8200bf) Importer(2089858483,b0f066a214c2f5e87bad3c948f4d605d) (ScriptedImporter) -> (artifact id: '43dc9729c543c576f0cc2f20fb565d61') in 0.0095793 seconds
Number of updated asset objects reloaded before import = 0Number of asset objects unloaded after import = 1

========================================================================
Received Import Request.
  Time since last request: 0.000031 seconds.
  path: Assets/XRISamples/UI_3D/Models/ClawMachine
  artifactKey: Guid(f485d76b0c880bc42a75d5271a472c92) Importer(2089858483,b0f066a214c2f5e87bad3c948f4d605d)
Start importing Assets/XRISamples/UI_3D/Models/ClawMachine using Guid(f485d76b0c880bc42a75d5271a472c92) Importer(2089858483,b0f066a214c2f5e87bad3c948f4d605d) (ScriptedImporter) -> (artifact id: 'd2be35e6263daca35dacd437f44bb5d5') in 0.0089015 seconds
Number of updated asset objects reloaded before import = 0Number of asset objects unloaded after import = 1

========================================================================
Received Import Request.
  Time since last request: 0.000017 seconds.
  path: Assets/XRISamples/UI_2D/Prefabs/BooleanToggle/BooleanToggle.prefab
  artifactKey: Guid(565136863683f59469de76718dbbfb65) Importer(2089858483,b0f066a214c2f5e87bad3c948f4d605d)
Start importing Assets/XRISamples/UI_2D/Prefabs/BooleanToggle/BooleanToggle.prefab using Guid(565136863683f59469de76718dbbfb65) Importer(2089858483,b0f066a214c2f5e87bad3c948f4d605d) (ScriptedImporter) -> (artifact id: '3c30ea164ac8bafb942cf1c3c7624feb') in 0.0197595 seconds
Number of updated asset objects reloaded before import = 0Number of asset objects unloaded after import = 23

========================================================================
Received Import Request.
  Time since last request: 0.000013 seconds.
  path: Assets/XRISamples/VRWalkthrough
  artifactKey: Guid(5886f6ca19eda0540acc2500c7adf8b2) Importer(2089858483,b0f066a214c2f5e87bad3c948f4d605d)
Start importing Assets/XRISamples/VRWalkthrough using Guid(5886f6ca19eda0540acc2500c7adf8b2) Importer(2089858483,b0f066a214c2f5e87bad3c948f4d605d) (ScriptedImporter) -> (artifact id: '318502b23260959fc5a76c4c03d878fd') in 0.0093272 seconds
Number of updated asset objects reloaded before import = 0Number of asset objects unloaded after import = 1

========================================================================
Received Import Request.
  Time since last request: 8.337497 seconds.
  path: Assets/XRISamples/Physics/Models/Door_Locked.fbx
  artifactKey: Guid(f120df6df27fe78429e3c399654024c6) Importer(815301076,1909f56bfc062723c751e8b465ee728b)
Start importing Assets/XRISamples/Physics/Models/Door_Locked.fbx using Guid(f120df6df27fe78429e3c399654024c6) Importer(815301076,1909f56bfc062723c751e8b465ee728b) (PreviewImporter) -> (artifact id: '20ef54fdaba5921ddc2d7a6b3aa9f1c1') in 0.3908177 seconds
Number of updated asset objects reloaded before import = 0Number of asset objects unloaded after import = 28

========================================================================
Received Import Request.
  Time since last request: 26.761647 seconds.
  path: Assets/XRISamples/Physics/Prefabs/Door_Locked.prefab
  artifactKey: Guid(8b799fb37a52aaa49a29e4cd5358345e) Importer(815301076,1909f56bfc062723c751e8b465ee728b)
Start importing Assets/XRISamples/Physics/Prefabs/Door_Locked.prefab using Guid(8b799fb37a52aaa49a29e4cd5358345e) Importer(815301076,1909f56bfc062723c751e8b465ee728b) (PreviewImporter) -> (artifact id: '13f66704cea9573929b0ca4264060e18') in 0.017147 seconds
Number of updated asset objects reloaded before import = 0Number of asset objects unloaded after import = 107

========================================================================
Received Prepare
WARNING: Shader Unsupported: 'Simulation/Standard Lit' - All subshaders removed
WARNING: Shader Did you use #pragma only_renderers and omit this platform?
WARNING: Shader If subshaders removal was intentional, you may have forgotten turning Fallback off?
WARNING: Shader Unsupported: 'Simulation/Standard Lit' - All subshaders removed
WARNING: Shader Did you use #pragma only_renderers and omit this platform?
WARNING: Shader If subshaders removal was intentional, you may have forgotten turning Fallback off?
WARNING: Shader Unsupported: 'Simulation/URP/Room X-Ray' - All subshaders removed
WARNING: Shader Did you use #pragma only_renderers and omit this platform?
WARNING: Shader If subshaders removal was intentional, you may have forgotten turning Fallback off?
WARNING: Shader Unsupported: 'Simulation/URP/Room X-Ray' - All subshaders removed
WARNING: Shader Did you use #pragma only_renderers and omit this platform?
WARNING: Shader If subshaders removal was intentional, you may have forgotten turning Fallback off?
WARNING: Shader Unsupported: 'Simulation/URP/Lit' - All subshaders removed
WARNING: Shader Did you use #pragma only_renderers and omit this platform?
WARNING: Shader If subshaders removal was intentional, you may have forgotten turning Fallback off?
WARNING: Shader Unsupported: 'Simulation/URP/Lit' - All subshaders removed
WARNING: Shader Did you use #pragma only_renderers and omit this platform?
WARNING: Shader If subshaders removal was intentional, you may have forgotten turning Fallback off?
WARNING: Shader Unsupported: 'Hidden/Simulation/URP/Synthetic' - All subshaders removed
WARNING: Shader Did you use #pragma only_renderers and omit this platform?
WARNING: Shader If subshaders removal was intentional, you may have forgotten turning Fallback off?
WARNING: Shader Unsupported: 'Hidden/Simulation/URP/Synthetic' - All subshaders removed
WARNING: Shader Did you use #pragma only_renderers and omit this platform?
WARNING: Shader If subshaders removal was intentional, you may have forgotten turning Fallback off?
WARNING: Shader Unsupported: 'Hidden/Simulation/Synthetic Lit' - All subshaders removed
WARNING: Shader Did you use #pragma only_renderers and omit this platform?
WARNING: Shader If subshaders removal was intentional, you may have forgotten turning Fallback off?
WARNING: Shader Unsupported: 'Hidden/Simulation/Synthetic Lit' - All subshaders removed
WARNING: Shader Did you use #pragma only_renderers and omit this platform?
WARNING: Shader If subshaders removal was intentional, you may have forgotten turning Fallback off?
WARNING: Shader Unsupported: 'Simulation/Room X-Ray' - All subshaders removed
WARNING: Shader Did you use #pragma only_renderers and omit this platform?
WARNING: Shader If subshaders removal was intentional, you may have forgotten turning Fallback off?
WARNING: Shader Unsupported: 'Simulation/Room X-Ray' - All subshaders removed
WARNING: Shader Did you use #pragma only_renderers and omit this platform?
WARNING: Shader If subshaders removal was intentional, you may have forgotten turning Fallback off?
Refreshing native plugins compatible for Editor in 8.65 ms, found 8 plugins.
Preloading 0 native plugins for Editor in 0.00 ms.
Unloading 34 Unused Serialized files (Serialized files now loaded: 0)
Unloading 6340 unused Assets / (10.4 MB). Loaded Objects now: 7358.
Memory consumption went from 183.0 MB to 172.6 MB.
Total: 17.247100 ms (FindLiveObjects: 0.927800 ms CreateObjectMapping: 0.421700 ms MarkObjects: 8.793600 ms  DeleteObjects: 7.102600 ms)

Prepare: number of updated asset objects reloaded= 0
========================================================================
Received Prepare
Begin MonoManager ReloadAssembly
[Licensing::Client] Successfully resolved entitlement details
ADTM: Control thread waiting for realtime thread timed out, have to lock...
- Loaded All Assemblies, in  1.741 seconds
Refreshing native plugins compatible for Editor in 9.98 ms, found 8 plugins.
Native extension for Android target not found
Native extension for WindowsStandalone target not found
[Package Manager] Failed to launch server process. Reason: Unity was launched with the -noUpm command-line argument
[Package Manager] Unable to send message (not connected to server process).
[Package Manager] Cannot connect to Unity Package Manager local server
ScheduleIndexationOnStartup MainProcess:False IndexOnStartup:True
Mono: successfully reloaded assembly
[Package Manager] Failed to launch server process. Reason: Unity was launched with the -noUpm command-line argument
[Package Manager] Unable to send message (not connected to server process).
[Package Manager] Cannot connect to Unity Package Manager local server
- Finished resetting the current domain, in  0.804 seconds
Domain Reload Profiling: 2546ms
	BeginReloadAssembly (1247ms)
		ExecutionOrderSort (0ms)
		DisableScriptedObjects (18ms)
		BackupInstance (0ms)
		ReleaseScriptingObjects (0ms)
		CreateAndSetChildDomain (1068ms)
	RebuildCommonClasses (34ms)
	RebuildNativeTypeToScriptingClass (11ms)
	initialDomainReloadingComplete (25ms)
	LoadAllAssembliesAndSetupDomain (425ms)
		LoadAssemblies (332ms)
		RebuildTransferFunctionScriptingTraits (0ms)
		AnalyzeDomain (190ms)
			TypeCache.Refresh (8ms)
				TypeCache.ScanAssembly (0ms)
			BuildScriptInfoCaches (165ms)
			ResolveRequiredComponents (11ms)
	FinalizeReload (804ms)
		ReleaseScriptCaches (0ms)
		RebuildScriptCaches (0ms)
		SetupLoadedEditorAssemblies (616ms)
			LogAssemblyErrors (0ms)
			InitializePlatformSupportModulesInManaged (9ms)
			SetLoadedEditorAssemblies (4ms)
			BeforeProcessingInitializeOnLoad (172ms)
			ProcessInitializeOnLoadAttributes (299ms)
			ProcessInitializeOnLoadMethodAttributes (128ms)
			AfterProcessingInitializeOnLoad (4ms)
			EditorAssembliesLoaded (0ms)
		ExecutionOrderSort2 (0ms)
		AwakeInstancesAfterBackupRestoration (14ms)
WARNING: Shader Unsupported: 'Simulation/Standard Lit' - All subshaders removed
WARNING: Shader Did you use #pragma only_renderers and omit this platform?
WARNING: Shader If subshaders removal was intentional, you may have forgotten turning Fallback off?
WARNING: Shader Unsupported: 'Simulation/Standard Lit' - All subshaders removed
WARNING: Shader Did you use #pragma only_renderers and omit this platform?
WARNING: Shader If subshaders removal was intentional, you may have forgotten turning Fallback off?
WARNING: Shader Unsupported: 'Simulation/URP/Room X-Ray' - All subshaders removed
WARNING: Shader Did you use #pragma only_renderers and omit this platform?
WARNING: Shader If subshaders removal was intentional, you may have forgotten turning Fallback off?
WARNING: Shader Unsupported: 'Simulation/URP/Room X-Ray' - All subshaders removed
WARNING: Shader Did you use #pragma only_renderers and omit this platform?
WARNING: Shader If subshaders removal was intentional, you may have forgotten turning Fallback off?
WARNING: Shader Unsupported: 'Simulation/URP/Lit' - All subshaders removed
WARNING: Shader Did you use #pragma only_renderers and omit this platform?
WARNING: Shader If subshaders removal was intentional, you may have forgotten turning Fallback off?
WARNING: Shader Unsupported: 'Simulation/URP/Lit' - All subshaders removed
WARNING: Shader Did you use #pragma only_renderers and omit this platform?
WARNING: Shader If subshaders removal was intentional, you may have forgotten turning Fallback off?
WARNING: Shader Unsupported: 'Hidden/Simulation/URP/Synthetic' - All subshaders removed
WARNING: Shader Did you use #pragma only_renderers and omit this platform?
WARNING: Shader If subshaders removal was intentional, you may have forgotten turning Fallback off?
WARNING: Shader Unsupported: 'Hidden/Simulation/URP/Synthetic' - All subshaders removed
WARNING: Shader Did you use #pragma only_renderers and omit this platform?
WARNING: Shader If subshaders removal was intentional, you may have forgotten turning Fallback off?
WARNING: Shader Unsupported: 'Hidden/Simulation/Synthetic Lit' - All subshaders removed
WARNING: Shader Did you use #pragma only_renderers and omit this platform?
WARNING: Shader If subshaders removal was intentional, you may have forgotten turning Fallback off?
WARNING: Shader Unsupported: 'Hidden/Simulation/Synthetic Lit' - All subshaders removed
WARNING: Shader Did you use #pragma only_renderers and omit this platform?
WARNING: Shader If subshaders removal was intentional, you may have forgotten turning Fallback off?
WARNING: Shader Unsupported: 'Simulation/Room X-Ray' - All subshaders removed
WARNING: Shader Did you use #pragma only_renderers and omit this platform?
WARNING: Shader If subshaders removal was intentional, you may have forgotten turning Fallback off?
WARNING: Shader Unsupported: 'Simulation/Room X-Ray' - All subshaders removed
WARNING: Shader Did you use #pragma only_renderers and omit this platform?
WARNING: Shader If subshaders removal was intentional, you may have forgotten turning Fallback off?
Refreshing native plugins compatible for Editor in 7.35 ms, found 8 plugins.
Preloading 0 native plugins for Editor in 0.00 ms.
Unloading 34 Unused Serialized files (Serialized files now loaded: 0)
Unloading 6551 unused Assets / (10.3 MB). Loaded Objects now: 7325.
Memory consumption went from 205.5 MB to 195.2 MB.
Total: 12.703900 ms (FindLiveObjects: 0.819900 ms CreateObjectMapping: 0.533000 ms MarkObjects: 5.533800 ms  DeleteObjects: 5.816600 ms)

Prepare: number of updated asset objects reloaded= 0
========================================================================
Received Prepare
WARNING: Shader Unsupported: 'Simulation/Standard Lit' - All subshaders removed
WARNING: Shader Did you use #pragma only_renderers and omit this platform?
WARNING: Shader If subshaders removal was intentional, you may have forgotten turning Fallback off?
WARNING: Shader Unsupported: 'Simulation/Standard Lit' - All subshaders removed
WARNING: Shader Did you use #pragma only_renderers and omit this platform?
WARNING: Shader If subshaders removal was intentional, you may have forgotten turning Fallback off?
WARNING: Shader Unsupported: 'Simulation/URP/Room X-Ray' - All subshaders removed
WARNING: Shader Did you use #pragma only_renderers and omit this platform?
WARNING: Shader If subshaders removal was intentional, you may have forgotten turning Fallback off?
WARNING: Shader Unsupported: 'Simulation/URP/Room X-Ray' - All subshaders removed
WARNING: Shader Did you use #pragma only_renderers and omit this platform?
WARNING: Shader If subshaders removal was intentional, you may have forgotten turning Fallback off?
WARNING: Shader Unsupported: 'Simulation/URP/Lit' - All subshaders removed
WARNING: Shader Did you use #pragma only_renderers and omit this platform?
WARNING: Shader If subshaders removal was intentional, you may have forgotten turning Fallback off?
WARNING: Shader Unsupported: 'Simulation/URP/Lit' - All subshaders removed
WARNING: Shader Did you use #pragma only_renderers and omit this platform?
WARNING: Shader If subshaders removal was intentional, you may have forgotten turning Fallback off?
WARNING: Shader Unsupported: 'Hidden/Simulation/URP/Synthetic' - All subshaders removed
WARNING: Shader Did you use #pragma only_renderers and omit this platform?
WARNING: Shader If subshaders removal was intentional, you may have forgotten turning Fallback off?
WARNING: Shader Unsupported: 'Hidden/Simulation/URP/Synthetic' - All subshaders removed
WARNING: Shader Did you use #pragma only_renderers and omit this platform?
WARNING: Shader If subshaders removal was intentional, you may have forgotten turning Fallback off?
WARNING: Shader Unsupported: 'Hidden/Simulation/Synthetic Lit' - All subshaders removed
WARNING: Shader Did you use #pragma only_renderers and omit this platform?
WARNING: Shader If subshaders removal was intentional, you may have forgotten turning Fallback off?
WARNING: Shader Unsupported: 'Hidden/Simulation/Synthetic Lit' - All subshaders removed
WARNING: Shader Did you use #pragma only_renderers and omit this platform?
WARNING: Shader If subshaders removal was intentional, you may have forgotten turning Fallback off?
WARNING: Shader Unsupported: 'Simulation/Room X-Ray' - All subshaders removed
WARNING: Shader Did you use #pragma only_renderers and omit this platform?
WARNING: Shader If subshaders removal was intentional, you may have forgotten turning Fallback off?
WARNING: Shader Unsupported: 'Simulation/Room X-Ray' - All subshaders removed
WARNING: Shader Did you use #pragma only_renderers and omit this platform?
WARNING: Shader If subshaders removal was intentional, you may have forgotten turning Fallback off?
Refreshing native plugins compatible for Editor in 19.00 ms, found 8 plugins.
Preloading 0 native plugins for Editor in 0.00 ms.
Unloading 34 Unused Serialized files (Serialized files now loaded: 0)
Unloading 6335 unused Assets / (10.4 MB). Loaded Objects now: 7313.
Memory consumption went from 180.9 MB to 170.6 MB.
Total: 13.015700 ms (FindLiveObjects: 0.721100 ms CreateObjectMapping: 0.879900 ms MarkObjects: 6.592400 ms  DeleteObjects: 4.821700 ms)

Prepare: number of updated asset objects reloaded= 0
========================================================================
Received Prepare
WARNING: Shader Unsupported: 'Simulation/Standard Lit' - All subshaders removed
WARNING: Shader Did you use #pragma only_renderers and omit this platform?
WARNING: Shader If subshaders removal was intentional, you may have forgotten turning Fallback off?
WARNING: Shader Unsupported: 'Simulation/Standard Lit' - All subshaders removed
WARNING: Shader Did you use #pragma only_renderers and omit this platform?
WARNING: Shader If subshaders removal was intentional, you may have forgotten turning Fallback off?
WARNING: Shader Unsupported: 'Simulation/URP/Room X-Ray' - All subshaders removed
WARNING: Shader Did you use #pragma only_renderers and omit this platform?
WARNING: Shader If subshaders removal was intentional, you may have forgotten turning Fallback off?
WARNING: Shader Unsupported: 'Simulation/URP/Room X-Ray' - All subshaders removed
WARNING: Shader Did you use #pragma only_renderers and omit this platform?
WARNING: Shader If subshaders removal was intentional, you may have forgotten turning Fallback off?
WARNING: Shader Unsupported: 'Simulation/URP/Lit' - All subshaders removed
WARNING: Shader Did you use #pragma only_renderers and omit this platform?
WARNING: Shader If subshaders removal was intentional, you may have forgotten turning Fallback off?
WARNING: Shader Unsupported: 'Simulation/URP/Lit' - All subshaders removed
WARNING: Shader Did you use #pragma only_renderers and omit this platform?
WARNING: Shader If subshaders removal was intentional, you may have forgotten turning Fallback off?
WARNING: Shader Unsupported: 'Hidden/Simulation/URP/Synthetic' - All subshaders removed
WARNING: Shader Did you use #pragma only_renderers and omit this platform?
WARNING: Shader If subshaders removal was intentional, you may have forgotten turning Fallback off?
WARNING: Shader Unsupported: 'Hidden/Simulation/URP/Synthetic' - All subshaders removed
WARNING: Shader Did you use #pragma only_renderers and omit this platform?
WARNING: Shader If subshaders removal was intentional, you may have forgotten turning Fallback off?
WARNING: Shader Unsupported: 'Hidden/Simulation/Synthetic Lit' - All subshaders removed
WARNING: Shader Did you use #pragma only_renderers and omit this platform?
WARNING: Shader If subshaders removal was intentional, you may have forgotten turning Fallback off?
WARNING: Shader Unsupported: 'Hidden/Simulation/Synthetic Lit' - All subshaders removed
WARNING: Shader Did you use #pragma only_renderers and omit this platform?
WARNING: Shader If subshaders removal was intentional, you may have forgotten turning Fallback off?
WARNING: Shader Unsupported: 'Simulation/Room X-Ray' - All subshaders removed
WARNING: Shader Did you use #pragma only_renderers and omit this platform?
WARNING: Shader If subshaders removal was intentional, you may have forgotten turning Fallback off?
WARNING: Shader Unsupported: 'Simulation/Room X-Ray' - All subshaders removed
WARNING: Shader Did you use #pragma only_renderers and omit this platform?
WARNING: Shader If subshaders removal was intentional, you may have forgotten turning Fallback off?
Refreshing native plugins compatible for Editor in 7.05 ms, found 8 plugins.
Preloading 0 native plugins for Editor in 0.00 ms.
Unloading 34 Unused Serialized files (Serialized files now loaded: 0)
Unloading 6335 unused Assets / (10.0 MB). Loaded Objects now: 7313.
Memory consumption went from 180.5 MB to 170.4 MB.
Total: 9.729800 ms (FindLiveObjects: 0.671500 ms CreateObjectMapping: 0.328500 ms MarkObjects: 5.102200 ms  DeleteObjects: 3.626800 ms)

Prepare: number of updated asset objects reloaded= 1
========================================================================
Received Prepare
Assembly with name 'Unity.XR.Hands.Samples.VisualizerSample' already exists (Assets/Samples/XR Hands/1.7.1/HandVisualizer/Unity.XR.Hands.Samples.VisualizerSample.asmdef)
Assembly with name 'Unity.XR.Hands.Samples.VisualizerSample' already exists (Assets/Samples/XR Hands/1.7.3/HandVisualizer/Unity.XR.Hands.Samples.VisualizerSample.asmdef)
Assembly with name 'Unity.XR.Hands.Samples.VisualizerSample' already exists (Assets/Samples/XR Hands/1.7.1/HandVisualizer/Unity.XR.Hands.Samples.VisualizerSample.asmdef)
Assembly with name 'Unity.XR.Hands.Samples.VisualizerSample' already exists (Assets/Samples/XR Hands/1.7.3/HandVisualizer/Unity.XR.Hands.Samples.VisualizerSample.asmdef)
Begin MonoManager ReloadAssembly
[Licensing::Client] Successfully resolved entitlement details
ADTM: Control thread waiting for realtime thread timed out, have to lock...
- Loaded All Assemblies, in  1.590 seconds
Assembly with name 'Unity.XR.Hands.Samples.VisualizerSample' already exists (Assets/Samples/XR Hands/1.7.1/HandVisualizer/Unity.XR.Hands.Samples.VisualizerSample.asmdef)
Assembly with name 'Unity.XR.Hands.Samples.VisualizerSample' already exists (Assets/Samples/XR Hands/1.7.3/HandVisualizer/Unity.XR.Hands.Samples.VisualizerSample.asmdef)
Refreshing native plugins compatible for Editor in 6.27 ms, found 8 plugins.
Native extension for Android target not found
Native extension for WindowsStandalone target not found
Assembly with name 'Unity.XR.Hands.Samples.VisualizerSample' already exists (Assets/Samples/XR Hands/1.7.1/HandVisualizer/Unity.XR.Hands.Samples.VisualizerSample.asmdef)
Assembly with name 'Unity.XR.Hands.Samples.VisualizerSample' already exists (Assets/Samples/XR Hands/1.7.3/HandVisualizer/Unity.XR.Hands.Samples.VisualizerSample.asmdef)
[Package Manager] Failed to launch server process. Reason: Unity was launched with the -noUpm command-line argument
[Package Manager] Unable to send message (not connected to server process).
[Package Manager] Cannot connect to Unity Package Manager local server
ScheduleIndexationOnStartup MainProcess:False IndexOnStartup:True
Mono: successfully reloaded assembly
[Package Manager] Failed to launch server process. Reason: Unity was launched with the -noUpm command-line argument
[Package Manager] Unable to send message (not connected to server process).
[Package Manager] Cannot connect to Unity Package Manager local server
- Finished resetting the current domain, in  0.664 seconds
Domain Reload Profiling: 2257ms
	BeginReloadAssembly (1200ms)
		ExecutionOrderSort (0ms)
		DisableScriptedObjects (5ms)
		BackupInstance (0ms)
		ReleaseScriptingObjects (0ms)
		CreateAndSetChildDomain (1052ms)
	RebuildCommonClasses (29ms)
	RebuildNativeTypeToScriptingClass (10ms)
	initialDomainReloadingComplete (21ms)
	LoadAllAssembliesAndSetupDomain (332ms)
		LoadAssemblies (246ms)
		RebuildTransferFunctionScriptingTraits (0ms)
		AnalyzeDomain (163ms)
			TypeCache.Refresh (10ms)
				TypeCache.ScanAssembly (1ms)
			BuildScriptInfoCaches (139ms)
			ResolveRequiredComponents (11ms)
	FinalizeReload (664ms)
		ReleaseScriptCaches (0ms)
		RebuildScriptCaches (0ms)
		SetupLoadedEditorAssemblies (507ms)
			LogAssemblyErrors (0ms)
			InitializePlatformSupportModulesInManaged (7ms)
			SetLoadedEditorAssemblies (3ms)
			BeforeProcessingInitializeOnLoad (118ms)
			ProcessInitializeOnLoadAttributes (251ms)
			ProcessInitializeOnLoadMethodAttributes (125ms)
			AfterProcessingInitializeOnLoad (3ms)
			EditorAssembliesLoaded (0ms)
		ExecutionOrderSort2 (0ms)
		AwakeInstancesAfterBackupRestoration (14ms)
WARNING: Shader Unsupported: 'Simulation/Standard Lit' - All subshaders removed
WARNING: Shader Did you use #pragma only_renderers and omit this platform?
WARNING: Shader If subshaders removal was intentional, you may have forgotten turning Fallback off?
WARNING: Shader Unsupported: 'Simulation/Standard Lit' - All subshaders removed
WARNING: Shader Did you use #pragma only_renderers and omit this platform?
WARNING: Shader If subshaders removal was intentional, you may have forgotten turning Fallback off?
WARNING: Shader Unsupported: 'Simulation/URP/Room X-Ray' - All subshaders removed
WARNING: Shader Did you use #pragma only_renderers and omit this platform?
WARNING: Shader If subshaders removal was intentional, you may have forgotten turning Fallback off?
WARNING: Shader Unsupported: 'Simulation/URP/Room X-Ray' - All subshaders removed
WARNING: Shader Did you use #pragma only_renderers and omit this platform?
WARNING: Shader If subshaders removal was intentional, you may have forgotten turning Fallback off?
WARNING: Shader Unsupported: 'Simulation/URP/Lit' - All subshaders removed
WARNING: Shader Did you use #pragma only_renderers and omit this platform?
WARNING: Shader If subshaders removal was intentional, you may have forgotten turning Fallback off?
WARNING: Shader Unsupported: 'Simulation/URP/Lit' - All subshaders removed
WARNING: Shader Did you use #pragma only_renderers and omit this platform?
WARNING: Shader If subshaders removal was intentional, you may have forgotten turning Fallback off?
WARNING: Shader Unsupported: 'Hidden/Simulation/URP/Synthetic' - All subshaders removed
WARNING: Shader Did you use #pragma only_renderers and omit this platform?
WARNING: Shader If subshaders removal was intentional, you may have forgotten turning Fallback off?
WARNING: Shader Unsupported: 'Hidden/Simulation/URP/Synthetic' - All subshaders removed
WARNING: Shader Did you use #pragma only_renderers and omit this platform?
WARNING: Shader If subshaders removal was intentional, you may have forgotten turning Fallback off?
WARNING: Shader Unsupported: 'Hidden/Simulation/Synthetic Lit' - All subshaders removed
WARNING: Shader Did you use #pragma only_renderers and omit this platform?
WARNING: Shader If subshaders removal was intentional, you may have forgotten turning Fallback off?
WARNING: Shader Unsupported: 'Hidden/Simulation/Synthetic Lit' - All subshaders removed
WARNING: Shader Did you use #pragma only_renderers and omit this platform?
WARNING: Shader If subshaders removal was intentional, you may have forgotten turning Fallback off?
WARNING: Shader Unsupported: 'Simulation/Room X-Ray' - All subshaders removed
WARNING: Shader Did you use #pragma only_renderers and omit this platform?
WARNING: Shader If subshaders removal was intentional, you may have forgotten turning Fallback off?
WARNING: Shader Unsupported: 'Simulation/Room X-Ray' - All subshaders removed
WARNING: Shader Did you use #pragma only_renderers and omit this platform?
WARNING: Shader If subshaders removal was intentional, you may have forgotten turning Fallback off?
Refreshing native plugins compatible for Editor in 6.76 ms, found 8 plugins.
Preloading 0 native plugins for Editor in 0.00 ms.
Unloading 34 Unused Serialized files (Serialized files now loaded: 0)
Unloading 6534 unused Assets / (10.2 MB). Loaded Objects now: 7331.
Memory consumption went from 205.5 MB to 195.3 MB.
Total: 9.826000 ms (FindLiveObjects: 0.634300 ms CreateObjectMapping: 0.300900 ms MarkObjects: 4.860200 ms  DeleteObjects: 4.030200 ms)

Prepare: number of updated asset objects reloaded= 0
========================================================================
Received Prepare
Assembly with name 'Unity.XR.Hands.Samples.VisualizerSample' already exists (Assets/Samples/XR Hands/1.7.1/HandVisualizer/Unity.XR.Hands.Samples.VisualizerSample.asmdef)
Assembly with name 'Unity.XR.Hands.Samples.VisualizerSample' already exists (Assets/Samples/XR Hands/1.7.3/HandVisualizer/Unity.XR.Hands.Samples.VisualizerSample.asmdef)
Assembly with name 'Unity.XR.Hands.Samples.VisualizerSample' already exists (Assets/Samples/XR Hands/1.7.1/HandVisualizer/Unity.XR.Hands.Samples.VisualizerSample.asmdef)
Assembly with name 'Unity.XR.Hands.Samples.VisualizerSample' already exists (Assets/Samples/XR Hands/1.7.3/HandVisualizer/Unity.XR.Hands.Samples.VisualizerSample.asmdef)
Begin MonoManager ReloadAssembly
[Licensing::Client] Successfully resolved entitlement details
ADTM: Control thread waiting for realtime thread timed out, have to lock...
- Loaded All Assemblies, in  1.608 seconds
Assembly with name 'Unity.XR.Hands.Samples.VisualizerSample' already exists (Assets/Samples/XR Hands/1.7.1/HandVisualizer/Unity.XR.Hands.Samples.VisualizerSample.asmdef)
Assembly with name 'Unity.XR.Hands.Samples.VisualizerSample' already exists (Assets/Samples/XR Hands/1.7.3/HandVisualizer/Unity.XR.Hands.Samples.VisualizerSample.asmdef)
Refreshing native plugins compatible for Editor in 6.79 ms, found 8 plugins.
Native extension for Android target not found
Native extension for WindowsStandalone target not found
Assembly with name 'Unity.XR.Hands.Samples.VisualizerSample' already exists (Assets/Samples/XR Hands/1.7.1/HandVisualizer/Unity.XR.Hands.Samples.VisualizerSample.asmdef)
Assembly with name 'Unity.XR.Hands.Samples.VisualizerSample' already exists (Assets/Samples/XR Hands/1.7.3/HandVisualizer/Unity.XR.Hands.Samples.VisualizerSample.asmdef)
[Package Manager] Failed to launch server process. Reason: Unity was launched with the -noUpm command-line argument
[Package Manager] Unable to send message (not connected to server process).
[Package Manager] Cannot connect to Unity Package Manager local server
ScheduleIndexationOnStartup MainProcess:False IndexOnStartup:True
Mono: successfully reloaded assembly
[Package Manager] Failed to launch server process. Reason: Unity was launched with the -noUpm command-line argument
[Package Manager] Unable to send message (not connected to server process).
[Package Manager] Cannot connect to Unity Package Manager local server
- Finished resetting the current domain, in  0.673 seconds
Domain Reload Profiling: 2284ms
	BeginReloadAssembly (1204ms)
		ExecutionOrderSort (0ms)
		DisableScriptedObjects (5ms)
		BackupInstance (0ms)
		ReleaseScriptingObjects (0ms)
		CreateAndSetChildDomain (1052ms)
	RebuildCommonClasses (31ms)
	RebuildNativeTypeToScriptingClass (11ms)
	initialDomainReloadingComplete (21ms)
	LoadAllAssembliesAndSetupDomain (344ms)
		LoadAssemblies (258ms)
		RebuildTransferFunctionScriptingTraits (0ms)
		AnalyzeDomain (166ms)
			TypeCache.Refresh (6ms)
				TypeCache.ScanAssembly (0ms)
			BuildScriptInfoCaches (145ms)
			ResolveRequiredComponents (11ms)
	FinalizeReload (673ms)
		ReleaseScriptCaches (0ms)
		RebuildScriptCaches (0ms)
		SetupLoadedEditorAssemblies (516ms)
			LogAssemblyErrors (0ms)
			InitializePlatformSupportModulesInManaged (7ms)
			SetLoadedEditorAssemblies (3ms)
			BeforeProcessingInitializeOnLoad (126ms)
			ProcessInitializeOnLoadAttributes (259ms)
			ProcessInitializeOnLoadMethodAttributes (118ms)
			AfterProcessingInitializeOnLoad (3ms)
			EditorAssembliesLoaded (0ms)
		ExecutionOrderSort2 (0ms)
		AwakeInstancesAfterBackupRestoration (16ms)
WARNING: Shader Unsupported: 'Simulation/Standard Lit' - All subshaders removed
WARNING: Shader Did you use #pragma only_renderers and omit this platform?
WARNING: Shader If subshaders removal was intentional, you may have forgotten turning Fallback off?
WARNING: Shader Unsupported: 'Simulation/Standard Lit' - All subshaders removed
WARNING: Shader Did you use #pragma only_renderers and omit this platform?
WARNING: Shader If subshaders removal was intentional, you may have forgotten turning Fallback off?
WARNING: Shader Unsupported: 'Simulation/URP/Room X-Ray' - All subshaders removed
WARNING: Shader Did you use #pragma only_renderers and omit this platform?
WARNING: Shader If subshaders removal was intentional, you may have forgotten turning Fallback off?
WARNING: Shader Unsupported: 'Simulation/URP/Room X-Ray' - All subshaders removed
WARNING: Shader Did you use #pragma only_renderers and omit this platform?
WARNING: Shader If subshaders removal was intentional, you may have forgotten turning Fallback off?
WARNING: Shader Unsupported: 'Simulation/URP/Lit' - All subshaders removed
WARNING: Shader Did you use #pragma only_renderers and omit this platform?
WARNING: Shader If subshaders removal was intentional, you may have forgotten turning Fallback off?
WARNING: Shader Unsupported: 'Simulation/URP/Lit' - All subshaders removed
WARNING: Shader Did you use #pragma only_renderers and omit this platform?
WARNING: Shader If subshaders removal was intentional, you may have forgotten turning Fallback off?
WARNING: Shader Unsupported: 'Hidden/Simulation/URP/Synthetic' - All subshaders removed
WARNING: Shader Did you use #pragma only_renderers and omit this platform?
WARNING: Shader If subshaders removal was intentional, you may have forgotten turning Fallback off?
WARNING: Shader Unsupported: 'Hidden/Simulation/URP/Synthetic' - All subshaders removed
WARNING: Shader Did you use #pragma only_renderers and omit this platform?
WARNING: Shader If subshaders removal was intentional, you may have forgotten turning Fallback off?
WARNING: Shader Unsupported: 'Hidden/Simulation/Synthetic Lit' - All subshaders removed
WARNING: Shader Did you use #pragma only_renderers and omit this platform?
WARNING: Shader If subshaders removal was intentional, you may have forgotten turning Fallback off?
WARNING: Shader Unsupported: 'Hidden/Simulation/Synthetic Lit' - All subshaders removed
WARNING: Shader Did you use #pragma only_renderers and omit this platform?
WARNING: Shader If subshaders removal was intentional, you may have forgotten turning Fallback off?
WARNING: Shader Unsupported: 'Simulation/Room X-Ray' - All subshaders removed
WARNING: Shader Did you use #pragma only_renderers and omit this platform?
WARNING: Shader If subshaders removal was intentional, you may have forgotten turning Fallback off?
WARNING: Shader Unsupported: 'Simulation/Room X-Ray' - All subshaders removed
WARNING: Shader Did you use #pragma only_renderers and omit this platform?
WARNING: Shader If subshaders removal was intentional, you may have forgotten turning Fallback off?
Refreshing native plugins compatible for Editor in 8.11 ms, found 8 plugins.
Preloading 0 native plugins for Editor in 0.00 ms.
Unloading 34 Unused Serialized files (Serialized files now loaded: 0)
Unloading 6533 unused Assets / (10.1 MB). Loaded Objects now: 7333.
Memory consumption went from 205.4 MB to 195.3 MB.
Total: 11.714100 ms (FindLiveObjects: 0.922200 ms CreateObjectMapping: 0.476700 ms MarkObjects: 5.614700 ms  DeleteObjects: 4.699500 ms)

Prepare: number of updated asset objects reloaded= 0
========================================================================
Received Import Request.
  Time since last request: 532.113461 seconds.
  path: Assets/Samples/XR Hands/1.7.3/HandVisualizer/Scripts/MaterialPipelineHandler.cs
  artifactKey: Guid(6772a216ed6f29c42abef904c7d6940d) Importer(2089858483,b0f066a214c2f5e87bad3c948f4d605d)
Start importing Assets/Samples/XR Hands/1.7.3/HandVisualizer/Scripts/MaterialPipelineHandler.cs using Guid(6772a216ed6f29c42abef904c7d6940d) Importer(2089858483,b0f066a214c2f5e87bad3c948f4d605d) (ScriptedImporter) -> (artifact id: 'e6f8c4ac28e6e85792311d6ca2279403') in 0.1405114 seconds
Number of updated asset objects reloaded before import = 0Number of asset objects unloaded after import = 0

========================================================================
Received Import Request.
  Time since last request: 0.000023 seconds.
  path: Assets/Samples/XR Hands/1.7.3/HandVisualizer/Scripts/JointVisualizer.cs
  artifactKey: Guid(6e1c395ff62a3a14dbeb293298bb46bf) Importer(2089858483,b0f066a214c2f5e87bad3c948f4d605d)
Start importing Assets/Samples/XR Hands/1.7.3/HandVisualizer/Scripts/JointVisualizer.cs using Guid(6e1c395ff62a3a14dbeb293298bb46bf) Importer(2089858483,b0f066a214c2f5e87bad3c948f4d605d) (ScriptedImporter) -> (artifact id: '2e6335b877b13cfd81d62628fae8d873') in 0.0122114 seconds
Number of updated asset objects reloaded before import = 0Number of asset objects unloaded after import = 0

========================================================================
Received Import Request.
  Time since last request: 0.000025 seconds.
  path: Assets/Samples/XR Hands/1.7.3/HandVisualizer/Scripts/HandVisualizer.cs
  artifactKey: Guid(2e9813c68d7d6f44282ace8bd2d1fd46) Importer(2089858483,b0f066a214c2f5e87bad3c948f4d605d)
Start importing Assets/Samples/XR Hands/1.7.3/HandVisualizer/Scripts/HandVisualizer.cs using Guid(2e9813c68d7d6f44282ace8bd2d1fd46) Importer(2089858483,b0f066a214c2f5e87bad3c948f4d605d) (ScriptedImporter) -> (artifact id: 'c8c8ba1f466c3d1acc2afeddc8a2241d') in 0.0109731 seconds
Number of updated asset objects reloaded before import = 0Number of asset objects unloaded after import = 0

========================================================================
Received Import Request.
  Time since last request: 0.000018 seconds.
  path: Assets/Samples/XR Hands/1.7.3/HandVisualizer/Prefabs/Joint.prefab
  artifactKey: Guid(254b742d65a15d14b9df756ae77de868) Importer(2089858483,b0f066a214c2f5e87bad3c948f4d605d)
Start importing Assets/Samples/XR Hands/1.7.3/HandVisualizer/Prefabs/Joint.prefab using Guid(254b742d65a15d14b9df756ae77de868) Importer(2089858483,b0f066a214c2f5e87bad3c948f4d605d) (ScriptedImporter) -> (artifact id: '14c860b3078a98fea8848019e9765410') in 0.0658625 seconds
Number of updated asset objects reloaded before import = 0Number of asset objects unloaded after import = 11

========================================================================
Received Import Request.
  Time since last request: 0.000021 seconds.
  path: Assets/Samples/XR Hands/1.7.3/HandVisualizer/Models/LeftHandAndroidXR.fbx
  artifactKey: Guid(7eff605df5fc69141bad762b74fb9228) Importer(2089858483,b0f066a214c2f5e87bad3c948f4d605d)
Start importing Assets/Samples/XR Hands/1.7.3/HandVisualizer/Models/LeftHandAndroidXR.fbx using Guid(7eff605df5fc69141bad762b74fb9228) Importer(2089858483,b0f066a214c2f5e87bad3c948f4d605d) (ScriptedImporter) -> (artifact id: '36956ddc6c11ba3307e42253093d92d3') in 0.0487938 seconds
Number of updated asset objects reloaded before import = 0Number of asset objects unloaded after import = 76

========================================================================
Received Import Request.
  Time since last request: 0.000016 seconds.
  path: Assets/Samples/XR Hands/1.7.3/HandVisualizer/Prefabs/Right Hand Tracking.prefab
  artifactKey: Guid(3f7511fbc40ae7a4b89c3298a3de199d) Importer(2089858483,b0f066a214c2f5e87bad3c948f4d605d)
Start importing Assets/Samples/XR Hands/1.7.3/HandVisualizer/Prefabs/Right Hand Tracking.prefab using Guid(3f7511fbc40ae7a4b89c3298a3de199d) Importer(2089858483,b0f066a214c2f5e87bad3c948f4d605d) (ScriptedImporter) -> (artifact id: '21a3e87a74e6cb7bd45a9bd4003c0c30') in 0.0187958 seconds
Number of updated asset objects reloaded before import = 0Number of asset objects unloaded after import = 122

========================================================================
Received Import Request.
  Time since last request: 0.000030 seconds.
  path: Assets/Samples/XR Hands/1.7.3/HandVisualizer/Scripts/HandProcessor.cs
  artifactKey: Guid(ac5903b776721d74786a2e43f00b949a) Importer(2089858483,b0f066a214c2f5e87bad3c948f4d605d)
Start importing Assets/Samples/XR Hands/1.7.3/HandVisualizer/Scripts/HandProcessor.cs using Guid(ac5903b776721d74786a2e43f00b949a) Importer(2089858483,b0f066a214c2f5e87bad3c948f4d605d) (ScriptedImporter) -> (artifact id: 'b9e891e98a38044c2443ffe3accc70a8') in 0.0106953 seconds
Number of updated asset objects reloaded before import = 0Number of asset objects unloaded after import = 0

========================================================================
Received Import Request.
  Time since last request: 0.000018 seconds.
  path: Assets/Samples/XR Hands/1.7.3/HandVisualizer/Materials/TransparentRed.mat
  artifactKey: Guid(d0e81afd49d98447aaeb49b1bb2c0599) Importer(2089858483,b0f066a214c2f5e87bad3c948f4d605d)
Start importing Assets/Samples/XR Hands/1.7.3/HandVisualizer/Materials/TransparentRed.mat using Guid(d0e81afd49d98447aaeb49b1bb2c0599) Importer(2089858483,b0f066a214c2f5e87bad3c948f4d605d) (ScriptedImporter) -> (artifact id: '287cd3246790c2d536b173c5249f7d3a') in 0.0219496 seconds
Number of updated asset objects reloaded before import = 0Number of asset objects unloaded after import = 1

========================================================================
Received Import Request.
  Time since last request: 0.000015 seconds.
  path: Assets/Samples/XR Hands
  artifactKey: Guid(ce6293aea353e494f98858b3bcc881e7) Importer(2089858483,b0f066a214c2f5e87bad3c948f4d605d)
Start importing Assets/Samples/XR Hands using Guid(ce6293aea353e494f98858b3bcc881e7) Importer(2089858483,b0f066a214c2f5e87bad3c948f4d605d) (ScriptedImporter) -> (artifact id: 'd7aa46725ae835916a810da44efb5245') in 0.0109682 seconds
Number of updated asset objects reloaded before import = 0Number of asset objects unloaded after import = 1

========================================================================
Received Import Request.
  Time since last request: 0.000015 seconds.
  path: Assets/Samples/XR Hands/1.7.3/HandVisualizer/Prefabs/Left Hand Tracking.prefab
  artifactKey: Guid(b3ed8a0a703ebd34a9e44ed3d9f1fcf6) Importer(2089858483,b0f066a214c2f5e87bad3c948f4d605d)
Start importing Assets/Samples/XR Hands/1.7.3/HandVisualizer/Prefabs/Left Hand Tracking.prefab using Guid(b3ed8a0a703ebd34a9e44ed3d9f1fcf6) Importer(2089858483,b0f066a214c2f5e87bad3c948f4d605d) (ScriptedImporter) -> (artifact id: '587d407274a21c04e235b406b419b586') in 0.0212169 seconds
Number of updated asset objects reloaded before import = 0Number of asset objects unloaded after import = 122

========================================================================
Received Import Request.
  Time since last request: 0.000026 seconds.
  path: Assets/Samples/XR Hands/1.7.3/HandVisualizer/Materials/HighFidelity.png
  artifactKey: Guid(be6545a280ad442fdb3ba68b5bce1774) Importer(2089858483,b0f066a214c2f5e87bad3c948f4d605d)
Start importing Assets/Samples/XR Hands/1.7.3/HandVisualizer/Materials/HighFidelity.png using Guid(be6545a280ad442fdb3ba68b5bce1774) Importer(2089858483,b0f066a214c2f5e87bad3c948f4d605d) (ScriptedImporter) -> (artifact id: '9f2e92daed5b9bdf20512522a37089e4') in 0.0345606 seconds
Number of updated asset objects reloaded before import = 0Number of asset objects unloaded after import = 1

========================================================================
Received Import Request.
  Time since last request: 0.000034 seconds.
  path: Assets/Samples/XR Hands/1.7.3/HandVisualizer/Models
  artifactKey: Guid(22f58ef53b57ffc4390fa3fd82468a7d) Importer(2089858483,b0f066a214c2f5e87bad3c948f4d605d)
Start importing Assets/Samples/XR Hands/1.7.3/HandVisualizer/Models using Guid(22f58ef53b57ffc4390fa3fd82468a7d) Importer(2089858483,b0f066a214c2f5e87bad3c948f4d605d) (ScriptedImporter) -> (artifact id: '26b13d7f5b7fb3116facf98e6bc93a01') in 0.0102761 seconds
Number of updated asset objects reloaded before import = 0Number of asset objects unloaded after import = 1

========================================================================
Received Import Request.
  Time since last request: 0.000013 seconds.
  path: Assets/Samples/XR Hands/1.7.3/HandVisualizer/Prefabs/VelocityPrefab.prefab
  artifactKey: Guid(629fd7882ec6bfc499a5fcf20035282b) Importer(2089858483,b0f066a214c2f5e87bad3c948f4d605d)
Start importing Assets/Samples/XR Hands/1.7.3/HandVisualizer/Prefabs/VelocityPrefab.prefab using Guid(629fd7882ec6bfc499a5fcf20035282b) Importer(2089858483,b0f066a214c2f5e87bad3c948f4d605d) (ScriptedImporter) -> (artifact id: 'ecd899f164949704dcb19832ae5864aa') in 0.0210593 seconds
Number of updated asset objects reloaded before import = 0Number of asset objects unloaded after import = 5

========================================================================
Received Import Request.
  Time since last request: 0.000016 seconds.
  path: Assets/Samples/XR Hands/1.7.3/HandVisualizer/Scripts
  artifactKey: Guid(0c161b4c00c888c41a1bb8253e94492c) Importer(2089858483,b0f066a214c2f5e87bad3c948f4d605d)
Start importing Assets/Samples/XR Hands/1.7.3/HandVisualizer/Scripts using Guid(0c161b4c00c888c41a1bb8253e94492c) Importer(2089858483,b0f066a214c2f5e87bad3c948f4d605d) (ScriptedImporter) -> (artifact id: '6f38e727b440e2f1253db310847bd7d2') in 0.0113419 seconds
Number of updated asset objects reloaded before import = 0Number of asset objects unloaded after import = 1

========================================================================
Received Import Request.
  Time since last request: 0.000026 seconds.
  path: Assets/Samples/XR Hands/1.7.3/HandVisualizer/Materials/AxisMesh.asset
  artifactKey: Guid(3f1527385cef24f9ab581b9e266924ba) Importer(2089858483,b0f066a214c2f5e87bad3c948f4d605d)
Start importing Assets/Samples/XR Hands/1.7.3/HandVisualizer/Materials/AxisMesh.asset using Guid(3f1527385cef24f9ab581b9e266924ba) Importer(2089858483,b0f066a214c2f5e87bad3c948f4d605d) (ScriptedImporter) -> (artifact id: 'cb33b28743429d00a190845d24e4de67') in 0.0116685 seconds
Number of updated asset objects reloaded before import = 0Number of asset objects unloaded after import = 1

========================================================================
Received Import Request.
  Time since last request: 11.732691 seconds.
  path: Assets/Samples/XR Interaction Toolkit/3.3.0/Hands Interaction Demo/Shaders/RimLight.shadergraph
  artifactKey: Guid(4ff4bf42ffc12e34a9c53b2f216f5442) Importer(815301076,1909f56bfc062723c751e8b465ee728b)
Start importing Assets/Samples/XR Interaction Toolkit/3.3.0/Hands Interaction Demo/Shaders/RimLight.shadergraph using Guid(4ff4bf42ffc12e34a9c53b2f216f5442) Importer(815301076,1909f56bfc062723c751e8b465ee728b) (PreviewImporter) -> (artifact id: '6f8285effef65dd0d0d06f99f416ecf6') in 0.5740764 seconds
Number of updated asset objects reloaded before import = 0Number of asset objects unloaded after import = 6

========================================================================
Received Import Request.
  Time since last request: 0.682822 seconds.
  path: Assets/Settings/Project Configuration/UniversalRenderPipelineGlobalSettings.asset
  artifactKey: Guid(b14f41a94dde88c4fa9fed9ae80f7362) Importer(815301076,1909f56bfc062723c751e8b465ee728b)
Start importing Assets/Settings/Project Configuration/UniversalRenderPipelineGlobalSettings.asset using Guid(b14f41a94dde88c4fa9fed9ae80f7362) Importer(815301076,1909f56bfc062723c751e8b465ee728b) (PreviewImporter) -> (artifact id: '618840f0a50ffe364deef2a67624ebd4') in 0.0007488 seconds
Number of updated asset objects reloaded before import = 0Number of asset objects unloaded after import = 0

========================================================================
Received Import Request.
  Time since last request: 0.354979 seconds.
  path: Assets/Settings/Project Configuration/Quality URP Config.asset
  artifactKey: Guid(cf6a652e94858004a93399f0a3dac507) Importer(815301076,1909f56bfc062723c751e8b465ee728b)
Start importing Assets/Settings/Project Configuration/Quality URP Config.asset using Guid(cf6a652e94858004a93399f0a3dac507) Importer(815301076,1909f56bfc062723c751e8b465ee728b) (PreviewImporter) -> (artifact id: '1daaa15c44ba70527c6cf4674652b12a') in 0.0088493 seconds
Number of updated asset objects reloaded before import = 0Number of asset objects unloaded after import = 35

========================================================================
Received Import Request.
  Time since last request: 197.883812 seconds.
  path: Assets/VRTemplateAssets/Graphics/Post Process Volume Profile.asset
  artifactKey: Guid(12bd4b8ecc486d84b9e059255860c49b) Importer(2089858483,b0f066a214c2f5e87bad3c948f4d605d)
Start importing Assets/VRTemplateAssets/Graphics/Post Process Volume Profile.asset using Guid(12bd4b8ecc486d84b9e059255860c49b) Importer(2089858483,b0f066a214c2f5e87bad3c948f4d605d) (ScriptedImporter) -> (artifact id: '64d39595948e2411a92569f0c919afd7') in 0.014015 seconds
Number of updated asset objects reloaded before import = 2Number of asset objects unloaded after import = 5

========================================================================
Received Import Request.
  Time since last request: 0.000053 seconds.
  path: Assets/Settings/Project Configuration/Quality URP Config.asset
  artifactKey: Guid(cf6a652e94858004a93399f0a3dac507) Importer(2089858483,b0f066a214c2f5e87bad3c948f4d605d)
Start importing Assets/Settings/Project Configuration/Quality URP Config.asset using Guid(cf6a652e94858004a93399f0a3dac507) Importer(2089858483,b0f066a214c2f5e87bad3c948f4d605d) (ScriptedImporter) -> (artifact id: '02da51358a79937eaa4f23348dc4b8b8') in 0.0865284 seconds
Number of updated asset objects reloaded before import = 0Number of asset objects unloaded after import = 35

========================================================================
Received Import Request.
  Time since last request: 9.051334 seconds.
  path: Assets/VRTemplateAssets/Graphics/Post Process Volume Profile.asset
  artifactKey: Guid(12bd4b8ecc486d84b9e059255860c49b) Importer(2089858483,b0f066a214c2f5e87bad3c948f4d605d)
Start importing Assets/VRTemplateAssets/Graphics/Post Process Volume Profile.asset using Guid(12bd4b8ecc486d84b9e059255860c49b) Importer(2089858483,b0f066a214c2f5e87bad3c948f4d605d) (ScriptedImporter) -> (artifact id: 'bcdd1597ef6a34b68a6bab1d0a14c6f3') in 0.0126552 seconds
Number of updated asset objects reloaded before import = 0Number of asset objects unloaded after import = 6

========================================================================
Received Import Request.
  Time since last request: 7.326187 seconds.
  path: Assets/VRTemplateAssets/Graphics/Post Process Volume Profile.asset
  artifactKey: Guid(12bd4b8ecc486d84b9e059255860c49b) Importer(2089858483,b0f066a214c2f5e87bad3c948f4d605d)
Start importing Assets/VRTemplateAssets/Graphics/Post Process Volume Profile.asset using Guid(12bd4b8ecc486d84b9e059255860c49b) Importer(2089858483,b0f066a214c2f5e87bad3c948f4d605d) (ScriptedImporter) -> (artifact id: 'a87a61bf06a41fbbeae886deef6dc1df') in 0.0097391 seconds
Number of updated asset objects reloaded before import = 0Number of asset objects unloaded after import = 7

========================================================================
Received Import Request.
  Time since last request: 13.845840 seconds.
  path: Assets/Scenes/CodingTest.unity
  artifactKey: Guid(0b6fa7bb681ed324b8a505f394367927) Importer(2089858483,b0f066a214c2f5e87bad3c948f4d605d)
Start importing Assets/Scenes/CodingTest.unity using Guid(0b6fa7bb681ed324b8a505f394367927) Importer(2089858483,b0f066a214c2f5e87bad3c948f4d605d) (ScriptedImporter) -> (artifact id: 'd2dfd081dea559d93404977a6bba6fc7') in 0.0168768 seconds
Number of updated asset objects reloaded before import = 0Number of asset objects unloaded after import = 1

========================================================================
Received Prepare
Assembly with name 'Unity.XR.Hands.Samples.VisualizerSample' already exists (Assets/Samples/XR Hands/1.7.1/HandVisualizer/Unity.XR.Hands.Samples.VisualizerSample.asmdef)
Assembly with name 'Unity.XR.Hands.Samples.VisualizerSample' already exists (Assets/Samples/XR Hands/1.7.3/HandVisualizer/Unity.XR.Hands.Samples.VisualizerSample.asmdef)
Assembly with name 'Unity.XR.Hands.Samples.VisualizerSample' already exists (Assets/Samples/XR Hands/1.7.1/HandVisualizer/Unity.XR.Hands.Samples.VisualizerSample.asmdef)
Assembly with name 'Unity.XR.Hands.Samples.VisualizerSample' already exists (Assets/Samples/XR Hands/1.7.3/HandVisualizer/Unity.XR.Hands.Samples.VisualizerSample.asmdef)
Begin MonoManager ReloadAssembly
[Licensing::Client] Successfully resolved entitlement details
ADTM: Control thread waiting for realtime thread timed out, have to lock...
- Loaded All Assemblies, in  1.624 seconds
Assembly with name 'Unity.XR.Hands.Samples.VisualizerSample' already exists (Assets/Samples/XR Hands/1.7.1/HandVisualizer/Unity.XR.Hands.Samples.VisualizerSample.asmdef)
Assembly with name 'Unity.XR.Hands.Samples.VisualizerSample' already exists (Assets/Samples/XR Hands/1.7.3/HandVisualizer/Unity.XR.Hands.Samples.VisualizerSample.asmdef)
Refreshing native plugins compatible for Editor in 6.50 ms, found 8 plugins.
Native extension for Android target not found
Native extension for WindowsStandalone target not found
Assembly with name 'Unity.XR.Hands.Samples.VisualizerSample' already exists (Assets/Samples/XR Hands/1.7.1/HandVisualizer/Unity.XR.Hands.Samples.VisualizerSample.asmdef)
Assembly with name 'Unity.XR.Hands.Samples.VisualizerSample' already exists (Assets/Samples/XR Hands/1.7.3/HandVisualizer/Unity.XR.Hands.Samples.VisualizerSample.asmdef)
[Package Manager] Failed to launch server process. Reason: Unity was launched with the -noUpm command-line argument
[Package Manager] Unable to send message (not connected to server process).
[Package Manager] Cannot connect to Unity Package Manager local server
ScheduleIndexationOnStartup MainProcess:False IndexOnStartup:True
Mono: successfully reloaded assembly
[Package Manager] Failed to launch server process. Reason: Unity was launched with the -noUpm command-line argument
[Package Manager] Unable to send message (not connected to server process).
[Package Manager] Cannot connect to Unity Package Manager local server
- Finished resetting the current domain, in  0.657 seconds
Domain Reload Profiling: 2283ms
	BeginReloadAssembly (1209ms)
		ExecutionOrderSort (0ms)
		DisableScriptedObjects (5ms)
		BackupInstance (0ms)
		ReleaseScriptingObjects (0ms)
		CreateAndSetChildDomain (1060ms)
	RebuildCommonClasses (30ms)
	RebuildNativeTypeToScriptingClass (11ms)
	initialDomainReloadingComplete (21ms)
	LoadAllAssembliesAndSetupDomain (355ms)
		LoadAssemblies (270ms)
		RebuildTransferFunctionScriptingTraits (0ms)
		AnalyzeDomain (170ms)
			TypeCache.Refresh (6ms)
				TypeCache.ScanAssembly (0ms)
			BuildScriptInfoCaches (148ms)
			ResolveRequiredComponents (12ms)
	FinalizeReload (657ms)
		ReleaseScriptCaches (0ms)
		RebuildScriptCaches (0ms)
		SetupLoadedEditorAssemblies (499ms)
			LogAssemblyErrors (0ms)
			InitializePlatformSupportModulesInManaged (8ms)
			SetLoadedEditorAssemblies (3ms)
			BeforeProcessingInitializeOnLoad (117ms)
			ProcessInitializeOnLoadAttributes (254ms)
			ProcessInitializeOnLoadMethodAttributes (113ms)
			AfterProcessingInitializeOnLoad (4ms)
			EditorAssembliesLoaded (0ms)
		ExecutionOrderSort2 (0ms)
		AwakeInstancesAfterBackupRestoration (14ms)
WARNING: Shader Unsupported: 'Simulation/Standard Lit' - All subshaders removed
WARNING: Shader Did you use #pragma only_renderers and omit this platform?
WARNING: Shader If subshaders removal was intentional, you may have forgotten turning Fallback off?
WARNING: Shader Unsupported: 'Simulation/Standard Lit' - All subshaders removed
WARNING: Shader Did you use #pragma only_renderers and omit this platform?
WARNING: Shader If subshaders removal was intentional, you may have forgotten turning Fallback off?
WARNING: Shader Unsupported: 'Simulation/URP/Room X-Ray' - All subshaders removed
WARNING: Shader Did you use #pragma only_renderers and omit this platform?
WARNING: Shader If subshaders removal was intentional, you may have forgotten turning Fallback off?
WARNING: Shader Unsupported: 'Simulation/URP/Room X-Ray' - All subshaders removed
WARNING: Shader Did you use #pragma only_renderers and omit this platform?
WARNING: Shader If subshaders removal was intentional, you may have forgotten turning Fallback off?
WARNING: Shader Unsupported: 'Simulation/URP/Lit' - All subshaders removed
WARNING: Shader Did you use #pragma only_renderers and omit this platform?
WARNING: Shader If subshaders removal was intentional, you may have forgotten turning Fallback off?
WARNING: Shader Unsupported: 'Simulation/URP/Lit' - All subshaders removed
WARNING: Shader Did you use #pragma only_renderers and omit this platform?
WARNING: Shader If subshaders removal was intentional, you may have forgotten turning Fallback off?
WARNING: Shader Unsupported: 'Hidden/Simulation/URP/Synthetic' - All subshaders removed
WARNING: Shader Did you use #pragma only_renderers and omit this platform?
WARNING: Shader If subshaders removal was intentional, you may have forgotten turning Fallback off?
WARNING: Shader Unsupported: 'Hidden/Simulation/URP/Synthetic' - All subshaders removed
WARNING: Shader Did you use #pragma only_renderers and omit this platform?
WARNING: Shader If subshaders removal was intentional, you may have forgotten turning Fallback off?
WARNING: Shader Unsupported: 'Hidden/Simulation/Synthetic Lit' - All subshaders removed
WARNING: Shader Did you use #pragma only_renderers and omit this platform?
WARNING: Shader If subshaders removal was intentional, you may have forgotten turning Fallback off?
WARNING: Shader Unsupported: 'Hidden/Simulation/Synthetic Lit' - All subshaders removed
WARNING: Shader Did you use #pragma only_renderers and omit this platform?
WARNING: Shader If subshaders removal was intentional, you may have forgotten turning Fallback off?
WARNING: Shader Unsupported: 'Simulation/Room X-Ray' - All subshaders removed
WARNING: Shader Did you use #pragma only_renderers and omit this platform?
WARNING: Shader If subshaders removal was intentional, you may have forgotten turning Fallback off?
WARNING: Shader Unsupported: 'Simulation/Room X-Ray' - All subshaders removed
WARNING: Shader Did you use #pragma only_renderers and omit this platform?
WARNING: Shader If subshaders removal was intentional, you may have forgotten turning Fallback off?
Refreshing native plugins compatible for Editor in 6.99 ms, found 8 plugins.
Preloading 0 native plugins for Editor in 0.00 ms.
Unloading 35 Unused Serialized files (Serialized files now loaded: 0)
Unloading 6538 unused Assets / (9.8 MB). Loaded Objects now: 7385.
Memory consumption went from 206.3 MB to 196.6 MB.
Total: 9.446100 ms (FindLiveObjects: 0.674400 ms CreateObjectMapping: 0.313400 ms MarkObjects: 4.622500 ms  DeleteObjects: 3.835200 ms)

Prepare: number of updated asset objects reloaded= 0
========================================================================
Received Import Request.
  Time since last request: 79.365593 seconds.
  path: Assets/Settings/Project Configuration/Quality URP Config.asset
  artifactKey: Guid(cf6a652e94858004a93399f0a3dac507) Importer(815301076,1909f56bfc062723c751e8b465ee728b)
Start importing Assets/Settings/Project Configuration/Quality URP Config.asset using Guid(cf6a652e94858004a93399f0a3dac507) Importer(815301076,1909f56bfc062723c751e8b465ee728b) (PreviewImporter) -> (artifact id: '6ba84a9f10a5b761dc4550ed97b76adc') in 0.0288243 seconds
Number of updated asset objects reloaded before import = 0Number of asset objects unloaded after import = 35

========================================================================
Received Import Request.
  Time since last request: 0.800997 seconds.
  path: Assets/Samples/XR Interaction Toolkit/3.3.0/Hands Interaction Demo/HandsDemoSceneAssets/Models/VirtualTabletop.fbx
  artifactKey: Guid(365907f61b8b39a48aab9aacd4588f45) Importer(815301076,1909f56bfc062723c751e8b465ee728b)
Start importing Assets/Samples/XR Interaction Toolkit/3.3.0/Hands Interaction Demo/HandsDemoSceneAssets/Models/VirtualTabletop.fbx using Guid(365907f61b8b39a48aab9aacd4588f45) Importer(815301076,1909f56bfc062723c751e8b465ee728b) (PreviewImporter) -> (artifact id: '8d64e8ac91ef10d195108b314950abd7') in 0.344933 seconds
Number of updated asset objects reloaded before import = 0Number of asset objects unloaded after import = 8

========================================================================
Received Import Request.
  Time since last request: 0.000023 seconds.
  path: Assets/VRTemplateAssets/Scripts/HandSubsystemManager.cs
  artifactKey: Guid(7d52987a218afbc4c81f20e47e2cb295) Importer(815301076,1909f56bfc062723c751e8b465ee728b)
Start importing Assets/VRTemplateAssets/Scripts/HandSubsystemManager.cs using Guid(7d52987a218afbc4c81f20e47e2cb295) Importer(815301076,1909f56bfc062723c751e8b465ee728b) (PreviewImporter) -> (artifact id: 'd90453cc62a05cbc0ea6bc11a557600a') in 0.0004969 seconds
Number of updated asset objects reloaded before import = 0Number of asset objects unloaded after import = 0

========================================================================
Received Import Request.
  Time since last request: 0.000027 seconds.
  path: Assets/VRTemplateAssets/Prefabs/Setup/Hands Permissions Manager.prefab
  artifactKey: Guid(9b4a657c7df58fb4fa21624fe730efa2) Importer(815301076,1909f56bfc062723c751e8b465ee728b)
Start importing Assets/VRTemplateAssets/Prefabs/Setup/Hands Permissions Manager.prefab using Guid(9b4a657c7df58fb4fa21624fe730efa2) Importer(815301076,1909f56bfc062723c751e8b465ee728b) (PreviewImporter) -> (artifact id: '5751579404e030b43333d33f406bd362') in 0.0036099 seconds
Number of updated asset objects reloaded before import = 0Number of asset objects unloaded after import = 6

========================================================================
Received Import Request.
  Time since last request: 0.000021 seconds.
  path: Assets/Samples/XR Interaction Toolkit/3.3.0/Starter Assets/Scripts/ClimbTeleportDestinationIndicator.cs
  artifactKey: Guid(e766f86cb7d2461683eb37d8a971fb14) Importer(815301076,1909f56bfc062723c751e8b465ee728b)
Start importing Assets/Samples/XR Interaction Toolkit/3.3.0/Starter Assets/Scripts/ClimbTeleportDestinationIndicator.cs using Guid(e766f86cb7d2461683eb37d8a971fb14) Importer(815301076,1909f56bfc062723c751e8b465ee728b) (PreviewImporter) -> (artifact id: 'ac1d102bafbc6a9753649ddc52b0319d') in 0.0004933 seconds
Number of updated asset objects reloaded before import = 0Number of asset objects unloaded after import = 0

========================================================================
Received Import Request.
  Time since last request: 4.289439 seconds.
  path: Assets/Settings/Project Configuration/BasicScene.scenetemplate
  artifactKey: Guid(ca6cdc11bc902ba4c85c423630187a9b) Importer(815301076,1909f56bfc062723c751e8b465ee728b)
Start importing Assets/Settings/Project Configuration/BasicScene.scenetemplate using Guid(ca6cdc11bc902ba4c85c423630187a9b) Importer(815301076,1909f56bfc062723c751e8b465ee728b) (PreviewImporter) -> (artifact id: 'a210e89731fa5d558c100a95aebc9d34') in 0.3622708 seconds
Number of updated asset objects reloaded before import = 0Number of asset objects unloaded after import = 597

========================================================================
Received Import Request.
  Time since last request: 50.821446 seconds.
  path: Assets/Settings/Project Configuration/Android Preset.asset
  artifactKey: Guid(53a413327819a984d8ab1618c9e90a10) Importer(815301076,1909f56bfc062723c751e8b465ee728b)
Start importing Assets/Settings/Project Configuration/Android Preset.asset using Guid(53a413327819a984d8ab1618c9e90a10) Importer(815301076,1909f56bfc062723c751e8b465ee728b) (PreviewImporter) -> (artifact id: 'ad57dfc985f168bc68f7cc0579e17fd7') in 0.0008892 seconds
Number of updated asset objects reloaded before import = 1Number of asset objects unloaded after import = 0

========================================================================
Received Import Request.
  Time since last request: 0.938968 seconds.
  path: Assets/VRTemplateAssets/Graphics/Post Process Volume Profile.asset
  artifactKey: Guid(12bd4b8ecc486d84b9e059255860c49b) Importer(2089858483,b0f066a214c2f5e87bad3c948f4d605d)
Start importing Assets/VRTemplateAssets/Graphics/Post Process Volume Profile.asset using Guid(12bd4b8ecc486d84b9e059255860c49b) Importer(2089858483,b0f066a214c2f5e87bad3c948f4d605d) (ScriptedImporter) -> (artifact id: '8a8e60eab7b7fd4e10b461df40c32250') in 0.0582073 seconds
Number of updated asset objects reloaded before import = 0Number of asset objects unloaded after import = 7

========================================================================
Received Import Request.
  Time since last request: 5.808018 seconds.
  path: Assets/Settings/Project Configuration/SampleScene.scenetemplate
  artifactKey: Guid(e88974e7ea90fb046bb078f12073588b) Importer(815301076,1909f56bfc062723c751e8b465ee728b)
Start importing Assets/Settings/Project Configuration/SampleScene.scenetemplate using Guid(e88974e7ea90fb046bb078f12073588b) Importer(815301076,1909f56bfc062723c751e8b465ee728b) (PreviewImporter) -> (artifact id: '5e5b3f5a76896116a9c54f5ff109bc9a') in 0.2595316 seconds
Number of updated asset objects reloaded before import = 0Number of asset objects unloaded after import = 4565

========================================================================
Received Import Request.
  Time since last request: 0.667130 seconds.
  path: Assets/VRTemplateAssets/Graphics/Post Process Volume Profile.asset
  artifactKey: Guid(12bd4b8ecc486d84b9e059255860c49b) Importer(2089858483,b0f066a214c2f5e87bad3c948f4d605d)
Start importing Assets/VRTemplateAssets/Graphics/Post Process Volume Profile.asset using Guid(12bd4b8ecc486d84b9e059255860c49b) Importer(2089858483,b0f066a214c2f5e87bad3c948f4d605d) (ScriptedImporter) -> (artifact id: '7b972f0cc313d1437208e84399ff5014') in 0.0112202 seconds
Number of updated asset objects reloaded before import = 0Number of asset objects unloaded after import = 8

========================================================================
Received Import Request.
  Time since last request: 20.363586 seconds.
  path: Assets/New Folder
  artifactKey: Guid(3b383bd92d176b248a5f9e21826230c1) Importer(2089858483,b0f066a214c2f5e87bad3c948f4d605d)
Start importing Assets/New Folder using Guid(3b383bd92d176b248a5f9e21826230c1) Importer(2089858483,b0f066a214c2f5e87bad3c948f4d605d) (ScriptedImporter) -> (artifact id: '37252a1c9dfd49288bbd7732a5a1b632') in 0.0106224 seconds
Number of updated asset objects reloaded before import = 0Number of asset objects unloaded after import = 1

========================================================================
Received Import Request.
  Time since last request: 0.063726 seconds.
  path: Assets/New Folder
  artifactKey: Guid(3b383bd92d176b248a5f9e21826230c1) Importer(815301076,1909f56bfc062723c751e8b465ee728b)
Start importing Assets/New Folder using Guid(3b383bd92d176b248a5f9e21826230c1) Importer(815301076,1909f56bfc062723c751e8b465ee728b) (PreviewImporter) -> (artifact id: '5236e4f57708a93ed029b171350c92c9') in 0.0010225 seconds
Number of updated asset objects reloaded before import = 0Number of asset objects unloaded after import = 0

========================================================================
Received Import Request.
  Time since last request: 4.997964 seconds.
  path: Assets/ScanLines
  artifactKey: Guid(3b383bd92d176b248a5f9e21826230c1) Importer(815301076,1909f56bfc062723c751e8b465ee728b)
Start importing Assets/ScanLines using Guid(3b383bd92d176b248a5f9e21826230c1) Importer(815301076,1909f56bfc062723c751e8b465ee728b) (PreviewImporter) -> (artifact id: 'ecc3a530157a6572d0f3c91b4074ab9e') in 0.000692 seconds
Number of updated asset objects reloaded before import = 0Number of asset objects unloaded after import = 0

========================================================================
Received Import Request.
  Time since last request: 0.939977 seconds.
  path: Assets/ScanLines
  artifactKey: Guid(3b383bd92d176b248a5f9e21826230c1) Importer(2089858483,b0f066a214c2f5e87bad3c948f4d605d)
Start importing Assets/ScanLines using Guid(3b383bd92d176b248a5f9e21826230c1) Importer(2089858483,b0f066a214c2f5e87bad3c948f4d605d) (ScriptedImporter) -> (artifact id: 'ab60c8115d1ff0a62be961f3a64eeaa8') in 0.009823 seconds
Number of updated asset objects reloaded before import = 0Number of asset objects unloaded after import = 1

========================================================================
Received Import Request.
  Time since last request: 31.068851 seconds.
  path: Assets/ScanLines/4x-scanlines-1920x896.png
  artifactKey: Guid(cf57535c577dc7b4da23ae0953c15500) Importer(815301076,1909f56bfc062723c751e8b465ee728b)
Start importing Assets/ScanLines/4x-scanlines-1920x896.png using Guid(cf57535c577dc7b4da23ae0953c15500) Importer(815301076,1909f56bfc062723c751e8b465ee728b) (PreviewImporter) -> (artifact id: 'f37c53173c5a9a30d3cff747a6c01c36') in 0.0194186 seconds
Number of updated asset objects reloaded before import = 0Number of asset objects unloaded after import = 2

========================================================================
Received Import Request.
  Time since last request: 0.000048 seconds.
  path: Assets/ScanLines/5x-scanlines-1920x1120.png
  artifactKey: Guid(8f298f0f2ff0c1148b8a8a1a96aed5d9) Importer(815301076,1909f56bfc062723c751e8b465ee728b)
Start importing Assets/ScanLines/5x-scanlines-1920x1120.png using Guid(8f298f0f2ff0c1148b8a8a1a96aed5d9) Importer(815301076,1909f56bfc062723c751e8b465ee728b) (PreviewImporter) -> (artifact id: 'a7e5adb8dd8f5515990e2e07ba99e883') in 0.0151308 seconds
Number of updated asset objects reloaded before import = 0Number of asset objects unloaded after import = 2

========================================================================
Received Import Request.
  Time since last request: 0.000046 seconds.
  path: Assets/ScanLines/VCR_OSD_MONO_1.001.ttf
  artifactKey: Guid(573735070d0bdb645818a0e532f63aed) Importer(815301076,1909f56bfc062723c751e8b465ee728b)
Start importing Assets/ScanLines/VCR_OSD_MONO_1.001.ttf using Guid(573735070d0bdb645818a0e532f63aed) Importer(815301076,1909f56bfc062723c751e8b465ee728b) (PreviewImporter) -> (artifact id: '2e38d4475104422719ca23ce73d90fa3') in 0.0458888 seconds
Number of updated asset objects reloaded before import = 0Number of asset objects unloaded after import = 4

========================================================================
Received Import Request.
  Time since last request: 0.000052 seconds.
  path: Assets/ScanLines/4x-scanlines-1920x960.png
  artifactKey: Guid(f65a36916757da845b7568825ecf4edf) Importer(815301076,1909f56bfc062723c751e8b465ee728b)
Start importing Assets/ScanLines/4x-scanlines-1920x960.png using Guid(f65a36916757da845b7568825ecf4edf) Importer(815301076,1909f56bfc062723c751e8b465ee728b) (PreviewImporter) -> (artifact id: 'a08094bbab595969b8740e0bc2f72be1') in 0.008658 seconds
Number of updated asset objects reloaded before import = 0Number of asset objects unloaded after import = 2

========================================================================
Received Import Request.
  Time since last request: 0.534999 seconds.
  path: Assets/ScanLines/4x-scanlines-1920x960-ver2.png
  artifactKey: Guid(d32de691155e4b24d9705ce3a37c013d) Importer(2089858483,b0f066a214c2f5e87bad3c948f4d605d)
Start importing Assets/ScanLines/4x-scanlines-1920x960-ver2.png using Guid(d32de691155e4b24d9705ce3a37c013d) Importer(2089858483,b0f066a214c2f5e87bad3c948f4d605d) (ScriptedImporter) -> (artifact id: '6e8c8a0a88390d5afc878484248f9e34') in 0.0623403 seconds
Number of updated asset objects reloaded before import = 0Number of asset objects unloaded after import = 1

========================================================================
Received Import Request.
  Time since last request: 0.000040 seconds.
  path: Assets/ScanLines/5x-scanlines-1920x1120-ver2.png
  artifactKey: Guid(fca2f53643d91dd4fab7f1c45f60001e) Importer(2089858483,b0f066a214c2f5e87bad3c948f4d605d)
Start importing Assets/ScanLines/5x-scanlines-1920x1120-ver2.png using Guid(fca2f53643d91dd4fab7f1c45f60001e) Importer(2089858483,b0f066a214c2f5e87bad3c948f4d605d) (ScriptedImporter) -> (artifact id: '0d8008741884eb466e25718a2627a704') in 0.0135687 seconds
Number of updated asset objects reloaded before import = 0Number of asset objects unloaded after import = 1

========================================================================
Received Import Request.
  Time since last request: 0.000040 seconds.
  path: Assets/ScanLines/4x-scanlines-1920x960-ver3.cfg.png
  artifactKey: Guid(fee9f5e25b2b72049822fa17d2917d24) Importer(2089858483,b0f066a214c2f5e87bad3c948f4d605d)
Start importing Assets/ScanLines/4x-scanlines-1920x960-ver3.cfg.png using Guid(fee9f5e25b2b72049822fa17d2917d24) Importer(2089858483,b0f066a214c2f5e87bad3c948f4d605d) (ScriptedImporter) -> (artifact id: 'b8741ca9042850d5e01e678fcaddc528') in 0.0159915 seconds
Number of updated asset objects reloaded before import = 0Number of asset objects unloaded after import = 1

========================================================================
Received Import Request.
  Time since last request: 0.000026 seconds.
  path: Assets/ScanLines/5x-scanlines-1920x1120.png
  artifactKey: Guid(8f298f0f2ff0c1148b8a8a1a96aed5d9) Importer(2089858483,b0f066a214c2f5e87bad3c948f4d605d)
Start importing Assets/ScanLines/5x-scanlines-1920x1120.png using Guid(8f298f0f2ff0c1148b8a8a1a96aed5d9) Importer(2089858483,b0f066a214c2f5e87bad3c948f4d605d) (ScriptedImporter) -> (artifact id: '74900a5aa1c7d73a7d403ab628f6300c') in 0.021119 seconds
Number of updated asset objects reloaded before import = 0Number of asset objects unloaded after import = 1

========================================================================
Received Import Request.
  Time since last request: 41.985920 seconds.
  path: Assets/ScanLines/4x-scanlines-1920x960-ver2.png
  artifactKey: Guid(d32de691155e4b24d9705ce3a37c013d) Importer(815301076,1909f56bfc062723c751e8b465ee728b)
Start importing Assets/ScanLines/4x-scanlines-1920x960-ver2.png using Guid(d32de691155e4b24d9705ce3a37c013d) Importer(815301076,1909f56bfc062723c751e8b465ee728b) (PreviewImporter) -> (artifact id: '6b0cfda878b2ef6ff23004d5a3e63ec7') in 0.0281551 seconds
Number of updated asset objects reloaded before import = 0Number of asset objects unloaded after import = 3

========================================================================
Received Import Request.
  Time since last request: 0.000025 seconds.
  path: Assets/ScanLines/5x-scanlines-1920x1120.png
  artifactKey: Guid(8f298f0f2ff0c1148b8a8a1a96aed5d9) Importer(815301076,1909f56bfc062723c751e8b465ee728b)
Start importing Assets/ScanLines/5x-scanlines-1920x1120.png using Guid(8f298f0f2ff0c1148b8a8a1a96aed5d9) Importer(815301076,1909f56bfc062723c751e8b465ee728b) (PreviewImporter) -> (artifact id: 'c5015ac432e5c6b29d662a105fef7c7b') in 0.0152731 seconds
Number of updated asset objects reloaded before import = 0Number of asset objects unloaded after import = 3

========================================================================
Received Import Request.
  Time since last request: 0.000068 seconds.
  path: Assets/ScanLines/5x-scanlines-1920x1120-ver2.png
  artifactKey: Guid(fca2f53643d91dd4fab7f1c45f60001e) Importer(815301076,1909f56bfc062723c751e8b465ee728b)
Start importing Assets/ScanLines/5x-scanlines-1920x1120-ver2.png using Guid(fca2f53643d91dd4fab7f1c45f60001e) Importer(815301076,1909f56bfc062723c751e8b465ee728b) (PreviewImporter) -> (artifact id: '6b501efa39641148f82c4d22cf34741b') in 0.0164756 seconds
Number of updated asset objects reloaded before import = 0Number of asset objects unloaded after import = 3

========================================================================
Received Import Request.
  Time since last request: 0.784927 seconds.
  path: Assets/ScanLines/4x-scanlines-1920x960-ver2.png
  artifactKey: Guid(d32de691155e4b24d9705ce3a37c013d) Importer(2089858483,b0f066a214c2f5e87bad3c948f4d605d)
Start importing Assets/ScanLines/4x-scanlines-1920x960-ver2.png using Guid(d32de691155e4b24d9705ce3a37c013d) Importer(2089858483,b0f066a214c2f5e87bad3c948f4d605d) (ScriptedImporter) -> (artifact id: '358696bd3328b06d0a78bd66b3d7be7e') in 0.0292066 seconds
Number of updated asset objects reloaded before import = 0Number of asset objects unloaded after import = 3

========================================================================
Received Import Request.
  Time since last request: 0.000027 seconds.
  path: Assets/ScanLines/5x-scanlines-1920x1120-ver2.png
  artifactKey: Guid(fca2f53643d91dd4fab7f1c45f60001e) Importer(2089858483,b0f066a214c2f5e87bad3c948f4d605d)
Start importing Assets/ScanLines/5x-scanlines-1920x1120-ver2.png using Guid(fca2f53643d91dd4fab7f1c45f60001e) Importer(2089858483,b0f066a214c2f5e87bad3c948f4d605d) (ScriptedImporter) -> (artifact id: '462a0d8f7f324356b5d190e1369f2403') in 0.0141325 seconds
Number of updated asset objects reloaded before import = 0Number of asset objects unloaded after import = 3

========================================================================
Received Import Request.
  Time since last request: 34.964272 seconds.
  path: Assets/ScanLines/4x-scanlines-1920x960.png
  artifactKey: Guid(f65a36916757da845b7568825ecf4edf) Importer(815301076,1909f56bfc062723c751e8b465ee728b)
Start importing Assets/ScanLines/4x-scanlines-1920x960.png using Guid(f65a36916757da845b7568825ecf4edf) Importer(815301076,1909f56bfc062723c751e8b465ee728b) (PreviewImporter) -> (artifact id: '1b93805a163c4c6501e556192d65064e') in 0.0124171 seconds
Number of updated asset objects reloaded before import = 0Number of asset objects unloaded after import = 2

========================================================================
Received Import Request.
  Time since last request: 0.916084 seconds.
  path: Assets/ScanLines/4x-scanlines-1920x960.png
  artifactKey: Guid(f65a36916757da845b7568825ecf4edf) Importer(2089858483,b0f066a214c2f5e87bad3c948f4d605d)
Start importing Assets/ScanLines/4x-scanlines-1920x960.png using Guid(f65a36916757da845b7568825ecf4edf) Importer(2089858483,b0f066a214c2f5e87bad3c948f4d605d) (ScriptedImporter) -> (artifact id: '3554d61c5d10acfa04f49edb06bff2c4') in 0.01216 seconds
Number of updated asset objects reloaded before import = 0Number of asset objects unloaded after import = 1

========================================================================
Received Prepare
Assembly with name 'Unity.XR.Hands.Samples.VisualizerSample' already exists (Assets/Samples/XR Hands/1.7.1/HandVisualizer/Unity.XR.Hands.Samples.VisualizerSample.asmdef)
Assembly with name 'Unity.XR.Hands.Samples.VisualizerSample' already exists (Assets/Samples/XR Hands/1.7.3/HandVisualizer/Unity.XR.Hands.Samples.VisualizerSample.asmdef)
Assembly with name 'Unity.XR.Hands.Samples.VisualizerSample' already exists (Assets/Samples/XR Hands/1.7.1/HandVisualizer/Unity.XR.Hands.Samples.VisualizerSample.asmdef)
Assembly with name 'Unity.XR.Hands.Samples.VisualizerSample' already exists (Assets/Samples/XR Hands/1.7.3/HandVisualizer/Unity.XR.Hands.Samples.VisualizerSample.asmdef)
Begin MonoManager ReloadAssembly
[Licensing::Client] Successfully resolved entitlement details
ADTM: Control thread waiting for realtime thread timed out, have to lock...
- Loaded All Assemblies, in  1.697 seconds
Assembly with name 'Unity.XR.Hands.Samples.VisualizerSample' already exists (Assets/Samples/XR Hands/1.7.1/HandVisualizer/Unity.XR.Hands.Samples.VisualizerSample.asmdef)
Assembly with name 'Unity.XR.Hands.Samples.VisualizerSample' already exists (Assets/Samples/XR Hands/1.7.3/HandVisualizer/Unity.XR.Hands.Samples.VisualizerSample.asmdef)
Refreshing native plugins compatible for Editor in 9.74 ms, found 8 plugins.
Native extension for Android target not found
Native extension for WindowsStandalone target not found
Assembly with name 'Unity.XR.Hands.Samples.VisualizerSample' already exists (Assets/Samples/XR Hands/1.7.1/HandVisualizer/Unity.XR.Hands.Samples.VisualizerSample.asmdef)
Assembly with name 'Unity.XR.Hands.Samples.VisualizerSample' already exists (Assets/Samples/XR Hands/1.7.3/HandVisualizer/Unity.XR.Hands.Samples.VisualizerSample.asmdef)
[Package Manager] Failed to launch server process. Reason: Unity was launched with the -noUpm command-line argument
[Package Manager] Unable to send message (not connected to server process).
[Package Manager] Cannot connect to Unity Package Manager local server
ScheduleIndexationOnStartup MainProcess:False IndexOnStartup:True
Mono: successfully reloaded assembly
[Package Manager] Failed to launch server process. Reason: Unity was launched with the -noUpm command-line argument
[Package Manager] Unable to send message (not connected to server process).
[Package Manager] Cannot connect to Unity Package Manager local server
- Finished resetting the current domain, in  0.737 seconds
Domain Reload Profiling: 2436ms
	BeginReloadAssembly (1247ms)
		ExecutionOrderSort (0ms)
		DisableScriptedObjects (16ms)
		BackupInstance (0ms)
		ReleaseScriptingObjects (0ms)
		CreateAndSetChildDomain (1078ms)
	RebuildCommonClasses (33ms)
	RebuildNativeTypeToScriptingClass (11ms)
	initialDomainReloadingComplete (23ms)
	LoadAllAssembliesAndSetupDomain (383ms)
		LoadAssemblies (294ms)
		RebuildTransferFunctionScriptingTraits (0ms)
		AnalyzeDomain (179ms)
			TypeCache.Refresh (6ms)
				TypeCache.ScanAssembly (0ms)
			BuildScriptInfoCaches (158ms)
			ResolveRequiredComponents (11ms)
	FinalizeReload (738ms)
		ReleaseScriptCaches (0ms)
		RebuildScriptCaches (0ms)
		SetupLoadedEditorAssemblies (564ms)
			LogAssemblyErrors (0ms)
			InitializePlatformSupportModulesInManaged (9ms)
			SetLoadedEditorAssemblies (4ms)
			BeforeProcessingInitializeOnLoad (129ms)
			ProcessInitializeOnLoadAttributes (282ms)
			ProcessInitializeOnLoadMethodAttributes (136ms)
			AfterProcessingInitializeOnLoad (4ms)
			EditorAssembliesLoaded (0ms)
		ExecutionOrderSort2 (0ms)
		AwakeInstancesAfterBackupRestoration (15ms)
WARNING: Shader Unsupported: 'Simulation/Standard Lit' - All subshaders removed
WARNING: Shader Did you use #pragma only_renderers and omit this platform?
WARNING: Shader If subshaders removal was intentional, you may have forgotten turning Fallback off?
WARNING: Shader Unsupported: 'Simulation/Standard Lit' - All subshaders removed
WARNING: Shader Did you use #pragma only_renderers and omit this platform?
WARNING: Shader If subshaders removal was intentional, you may have forgotten turning Fallback off?
WARNING: Shader Unsupported: 'Simulation/URP/Room X-Ray' - All subshaders removed
WARNING: Shader Did you use #pragma only_renderers and omit this platform?
WARNING: Shader If subshaders removal was intentional, you may have forgotten turning Fallback off?
WARNING: Shader Unsupported: 'Simulation/URP/Room X-Ray' - All subshaders removed
WARNING: Shader Did you use #pragma only_renderers and omit this platform?
WARNING: Shader If subshaders removal was intentional, you may have forgotten turning Fallback off?
WARNING: Shader Unsupported: 'Simulation/URP/Lit' - All subshaders removed
WARNING: Shader Did you use #pragma only_renderers and omit this platform?
WARNING: Shader If subshaders removal was intentional, you may have forgotten turning Fallback off?
WARNING: Shader Unsupported: 'Simulation/URP/Lit' - All subshaders removed
WARNING: Shader Did you use #pragma only_renderers and omit this platform?
WARNING: Shader If subshaders removal was intentional, you may have forgotten turning Fallback off?
WARNING: Shader Unsupported: 'Hidden/Simulation/URP/Synthetic' - All subshaders removed
WARNING: Shader Did you use #pragma only_renderers and omit this platform?
WARNING: Shader If subshaders removal was intentional, you may have forgotten turning Fallback off?
WARNING: Shader Unsupported: 'Hidden/Simulation/URP/Synthetic' - All subshaders removed
WARNING: Shader Did you use #pragma only_renderers and omit this platform?
WARNING: Shader If subshaders removal was intentional, you may have forgotten turning Fallback off?
WARNING: Shader Unsupported: 'Hidden/Simulation/Synthetic Lit' - All subshaders removed
WARNING: Shader Did you use #pragma only_renderers and omit this platform?
WARNING: Shader If subshaders removal was intentional, you may have forgotten turning Fallback off?
WARNING: Shader Unsupported: 'Hidden/Simulation/Synthetic Lit' - All subshaders removed
WARNING: Shader Did you use #pragma only_renderers and omit this platform?
WARNING: Shader If subshaders removal was intentional, you may have forgotten turning Fallback off?
WARNING: Shader Unsupported: 'Simulation/Room X-Ray' - All subshaders removed
WARNING: Shader Did you use #pragma only_renderers and omit this platform?
WARNING: Shader If subshaders removal was intentional, you may have forgotten turning Fallback off?
WARNING: Shader Unsupported: 'Simulation/Room X-Ray' - All subshaders removed
WARNING: Shader Did you use #pragma only_renderers and omit this platform?
WARNING: Shader If subshaders removal was intentional, you may have forgotten turning Fallback off?
Refreshing native plugins compatible for Editor in 6.92 ms, found 8 plugins.
Preloading 0 native plugins for Editor in 0.00 ms.
Unloading 34 Unused Serialized files (Serialized files now loaded: 0)
Unloading 6548 unused Assets / (10.7 MB). Loaded Objects now: 7454.
Memory consumption went from 207.4 MB to 196.7 MB.
Total: 12.337800 ms (FindLiveObjects: 1.117400 ms CreateObjectMapping: 0.366500 ms MarkObjects: 4.951100 ms  DeleteObjects: 5.901700 ms)

Prepare: number of updated asset objects reloaded= 0
========================================================================
Received Prepare
WARNING: Shader Unsupported: 'Hidden/Simulation/URP/Synthetic' - All subshaders removed
WARNING: Shader Did you use #pragma only_renderers and omit this platform?
WARNING: Shader If subshaders removal was intentional, you may have forgotten turning Fallback off?
WARNING: Shader Unsupported: 'Hidden/Simulation/URP/Synthetic' - All subshaders removed
WARNING: Shader Did you use #pragma only_renderers and omit this platform?
WARNING: Shader If subshaders removal was intentional, you may have forgotten turning Fallback off?
WARNING: Shader Unsupported: 'Hidden/Simulation/Synthetic Lit' - All subshaders removed
WARNING: Shader Did you use #pragma only_renderers and omit this platform?
WARNING: Shader If subshaders removal was intentional, you may have forgotten turning Fallback off?
WARNING: Shader Unsupported: 'Hidden/Simulation/Synthetic Lit' - All subshaders removed
WARNING: Shader Did you use #pragma only_renderers and omit this platform?
WARNING: Shader If subshaders removal was intentional, you may have forgotten turning Fallback off?
WARNING: Shader Unsupported: 'Simulation/Standard Lit' - All subshaders removed
WARNING: Shader Did you use #pragma only_renderers and omit this platform?
WARNING: Shader If subshaders removal was intentional, you may have forgotten turning Fallback off?
WARNING: Shader Unsupported: 'Simulation/Standard Lit' - All subshaders removed
WARNING: Shader Did you use #pragma only_renderers and omit this platform?
WARNING: Shader If subshaders removal was intentional, you may have forgotten turning Fallback off?
WARNING: Shader Unsupported: 'Simulation/URP/Room X-Ray' - All subshaders removed
WARNING: Shader Did you use #pragma only_renderers and omit this platform?
WARNING: Shader If subshaders removal was intentional, you may have forgotten turning Fallback off?
WARNING: Shader Unsupported: 'Simulation/URP/Room X-Ray' - All subshaders removed
WARNING: Shader Did you use #pragma only_renderers and omit this platform?
WARNING: Shader If subshaders removal was intentional, you may have forgotten turning Fallback off?
WARNING: Shader Unsupported: 'Simulation/Room X-Ray' - All subshaders removed
WARNING: Shader Did you use #pragma only_renderers and omit this platform?
WARNING: Shader If subshaders removal was intentional, you may have forgotten turning Fallback off?
WARNING: Shader Unsupported: 'Simulation/Room X-Ray' - All subshaders removed
WARNING: Shader Did you use #pragma only_renderers and omit this platform?
WARNING: Shader If subshaders removal was intentional, you may have forgotten turning Fallback off?
WARNING: Shader Unsupported: 'Simulation/URP/Lit' - All subshaders removed
WARNING: Shader Did you use #pragma only_renderers and omit this platform?
WARNING: Shader If subshaders removal was intentional, you may have forgotten turning Fallback off?
WARNING: Shader Unsupported: 'Simulation/URP/Lit' - All subshaders removed
WARNING: Shader Did you use #pragma only_renderers and omit this platform?
WARNING: Shader If subshaders removal was intentional, you may have forgotten turning Fallback off?
Refreshing native plugins compatible for Editor in 7.30 ms, found 8 plugins.
Preloading 0 native plugins for Editor in 0.00 ms.
Unloading 34 Unused Serialized files (Serialized files now loaded: 0)
Unloading 6311 unused Assets / (10.9 MB). Loaded Objects now: 7418.
Memory consumption went from 182.5 MB to 171.7 MB.
Total: 12.547100 ms (FindLiveObjects: 0.719300 ms CreateObjectMapping: 0.323100 ms MarkObjects: 5.305500 ms  DeleteObjects: 6.198400 ms)

Prepare: number of updated asset objects reloaded= 23
========================================================================
Received Prepare
Assembly with name 'Unity.XR.Hands.Samples.VisualizerSample' already exists (Assets/Samples/XR Hands/1.7.1/HandVisualizer/Unity.XR.Hands.Samples.VisualizerSample.asmdef)
Assembly with name 'Unity.XR.Hands.Samples.VisualizerSample' already exists (Assets/Samples/XR Hands/1.7.3/HandVisualizer/Unity.XR.Hands.Samples.VisualizerSample.asmdef)
Assembly with name 'Unity.XR.Hands.Samples.VisualizerSample' already exists (Assets/Samples/XR Hands/1.7.1/HandVisualizer/Unity.XR.Hands.Samples.VisualizerSample.asmdef)
Assembly with name 'Unity.XR.Hands.Samples.VisualizerSample' already exists (Assets/Samples/XR Hands/1.7.3/HandVisualizer/Unity.XR.Hands.Samples.VisualizerSample.asmdef)
Begin MonoManager ReloadAssembly
ADTM: Control thread waiting for realtime thread timed out, have to lock...
- Loaded All Assemblies, in  1.607 seconds
Assembly with name 'Unity.XR.Hands.Samples.VisualizerSample' already exists (Assets/Samples/XR Hands/1.7.1/HandVisualizer/Unity.XR.Hands.Samples.VisualizerSample.asmdef)
Assembly with name 'Unity.XR.Hands.Samples.VisualizerSample' already exists (Assets/Samples/XR Hands/1.7.3/HandVisualizer/Unity.XR.Hands.Samples.VisualizerSample.asmdef)
Refreshing native plugins compatible for Editor in 6.65 ms, found 8 plugins.
Native extension for Android target not found
Native extension for WindowsStandalone target not found
Assembly with name 'Unity.XR.Hands.Samples.VisualizerSample' already exists (Assets/Samples/XR Hands/1.7.1/HandVisualizer/Unity.XR.Hands.Samples.VisualizerSample.asmdef)
Assembly with name 'Unity.XR.Hands.Samples.VisualizerSample' already exists (Assets/Samples/XR Hands/1.7.3/HandVisualizer/Unity.XR.Hands.Samples.VisualizerSample.asmdef)
[Package Manager] Failed to launch server process. Reason: Unity was launched with the -noUpm command-line argument
[Package Manager] Unable to send message (not connected to server process).
[Package Manager] Cannot connect to Unity Package Manager local server
ScheduleIndexationOnStartup MainProcess:False IndexOnStartup:True
Mono: successfully reloaded assembly
[Package Manager] Failed to launch server process. Reason: Unity was launched with the -noUpm command-line argument
[Package Manager] Unable to send message (not connected to server process).
[Package Manager] Cannot connect to Unity Package Manager local server
- Finished resetting the current domain, in  0.673 seconds
Domain Reload Profiling: 2283ms
	BeginReloadAssembly (1203ms)
		ExecutionOrderSort (0ms)
		DisableScriptedObjects (6ms)
		BackupInstance (0ms)
		ReleaseScriptingObjects (0ms)
		CreateAndSetChildDomain (1054ms)
	RebuildCommonClasses (30ms)
	RebuildNativeTypeToScriptingClass (11ms)
	initialDomainReloadingComplete (20ms)
	LoadAllAssembliesAndSetupDomain (344ms)
		LoadAssemblies (257ms)
		RebuildTransferFunctionScriptingTraits (0ms)
		AnalyzeDomain (168ms)
			TypeCache.Refresh (10ms)
				TypeCache.ScanAssembly (1ms)
			BuildScriptInfoCaches (144ms)
			ResolveRequiredComponents (11ms)
	FinalizeReload (674ms)
		ReleaseScriptCaches (0ms)
		RebuildScriptCaches (0ms)
		SetupLoadedEditorAssemblies (509ms)
			LogAssemblyErrors (0ms)
			InitializePlatformSupportModulesInManaged (9ms)
			SetLoadedEditorAssemblies (3ms)
			BeforeProcessingInitializeOnLoad (124ms)
			ProcessInitializeOnLoadAttributes (256ms)
			ProcessInitializeOnLoadMethodAttributes (115ms)
			AfterProcessingInitializeOnLoad (3ms)
			EditorAssembliesLoaded (0ms)
		ExecutionOrderSort2 (0ms)
		AwakeInstancesAfterBackupRestoration (14ms)
WARNING: Shader Unsupported: 'Hidden/Simulation/URP/Synthetic' - All subshaders removed
WARNING: Shader Did you use #pragma only_renderers and omit this platform?
WARNING: Shader If subshaders removal was intentional, you may have forgotten turning Fallback off?
WARNING: Shader Unsupported: 'Hidden/Simulation/URP/Synthetic' - All subshaders removed
WARNING: Shader Did you use #pragma only_renderers and omit this platform?
WARNING: Shader If subshaders removal was intentional, you may have forgotten turning Fallback off?
WARNING: Shader Unsupported: 'Hidden/Simulation/Synthetic Lit' - All subshaders removed
WARNING: Shader Did you use #pragma only_renderers and omit this platform?
WARNING: Shader If subshaders removal was intentional, you may have forgotten turning Fallback off?
WARNING: Shader Unsupported: 'Hidden/Simulation/Synthetic Lit' - All subshaders removed
WARNING: Shader Did you use #pragma only_renderers and omit this platform?
WARNING: Shader If subshaders removal was intentional, you may have forgotten turning Fallback off?
WARNING: Shader Unsupported: 'Simulation/Standard Lit' - All subshaders removed
WARNING: Shader Did you use #pragma only_renderers and omit this platform?
WARNING: Shader If subshaders removal was intentional, you may have forgotten turning Fallback off?
WARNING: Shader Unsupported: 'Simulation/Standard Lit' - All subshaders removed
WARNING: Shader Did you use #pragma only_renderers and omit this platform?
WARNING: Shader If subshaders removal was intentional, you may have forgotten turning Fallback off?
WARNING: Shader Unsupported: 'Simulation/URP/Room X-Ray' - All subshaders removed
WARNING: Shader Did you use #pragma only_renderers and omit this platform?
WARNING: Shader If subshaders removal was intentional, you may have forgotten turning Fallback off?
WARNING: Shader Unsupported: 'Simulation/URP/Room X-Ray' - All subshaders removed
WARNING: Shader Did you use #pragma only_renderers and omit this platform?
WARNING: Shader If subshaders removal was intentional, you may have forgotten turning Fallback off?
WARNING: Shader Unsupported: 'Simulation/Room X-Ray' - All subshaders removed
WARNING: Shader Did you use #pragma only_renderers and omit this platform?
WARNING: Shader If subshaders removal was intentional, you may have forgotten turning Fallback off?
WARNING: Shader Unsupported: 'Simulation/Room X-Ray' - All subshaders removed
WARNING: Shader Did you use #pragma only_renderers and omit this platform?
WARNING: Shader If subshaders removal was intentional, you may have forgotten turning Fallback off?
WARNING: Shader Unsupported: 'Simulation/URP/Lit' - All subshaders removed
WARNING: Shader Did you use #pragma only_renderers and omit this platform?
WARNING: Shader If subshaders removal was intentional, you may have forgotten turning Fallback off?
WARNING: Shader Unsupported: 'Simulation/URP/Lit' - All subshaders removed
WARNING: Shader Did you use #pragma only_renderers and omit this platform?
WARNING: Shader If subshaders removal was intentional, you may have forgotten turning Fallback off?
Refreshing native plugins compatible for Editor in 7.46 ms, found 8 plugins.
Preloading 0 native plugins for Editor in 0.00 ms.
Unloading 34 Unused Serialized files (Serialized files now loaded: 0)
Unloading 6514 unused Assets / (10.4 MB). Loaded Objects now: 7409.
Memory consumption went from 201.2 MB to 190.7 MB.
Total: 9.740000 ms (FindLiveObjects: 0.618200 ms CreateObjectMapping: 0.332900 ms MarkObjects: 4.718900 ms  DeleteObjects: 4.069400 ms)

Prepare: number of updated asset objects reloaded= 0
========================================================================
Received Import Request.
  Time since last request: 242.507530 seconds.
  path: Assets/ScanLines/Post Process Volume.prefab
  artifactKey: Guid(d2edc4dc452f182429c6117013f3a7c1) Importer(815301076,1909f56bfc062723c751e8b465ee728b)
Start importing Assets/ScanLines/Post Process Volume.prefab using Guid(d2edc4dc452f182429c6117013f3a7c1) Importer(815301076,1909f56bfc062723c751e8b465ee728b) (PreviewImporter) -> (artifact id: '6696c0f51a9da91af76319242a5882eb') in 0.0581933 seconds
Number of updated asset objects reloaded before import = 0Number of asset objects unloaded after import = 14

========================================================================
Received Import Request.
  Time since last request: 22.412452 seconds.
  path: Assets/Prefabs/Post Process Volume.prefab
  artifactKey: Guid(358cba6b9653bf246b1b7d03de72d192) Importer(815301076,1909f56bfc062723c751e8b465ee728b)
Start importing Assets/Prefabs/Post Process Volume.prefab using Guid(358cba6b9653bf246b1b7d03de72d192) Importer(815301076,1909f56bfc062723c751e8b465ee728b) (PreviewImporter) -> (artifact id: 'a2bf7687b48fccf9dd4c3f192ff3bcb0') in 0.0032315 seconds
Number of updated asset objects reloaded before import = 0Number of asset objects unloaded after import = 14

========================================================================
Received Prepare
Assembly with name 'Unity.XR.Hands.Samples.VisualizerSample' already exists (Assets/Samples/XR Hands/1.7.1/HandVisualizer/Unity.XR.Hands.Samples.VisualizerSample.asmdef)
Assembly with name 'Unity.XR.Hands.Samples.VisualizerSample' already exists (Assets/Samples/XR Hands/1.7.3/HandVisualizer/Unity.XR.Hands.Samples.VisualizerSample.asmdef)
Assembly with name 'Unity.XR.Hands.Samples.VisualizerSample' already exists (Assets/Samples/XR Hands/1.7.1/HandVisualizer/Unity.XR.Hands.Samples.VisualizerSample.asmdef)
Assembly with name 'Unity.XR.Hands.Samples.VisualizerSample' already exists (Assets/Samples/XR Hands/1.7.3/HandVisualizer/Unity.XR.Hands.Samples.VisualizerSample.asmdef)
Begin MonoManager ReloadAssembly
[Licensing::Client] Successfully resolved entitlement details
ADTM: Control thread waiting for realtime thread timed out, have to lock...
- Loaded All Assemblies, in  1.649 seconds
Assembly with name 'Unity.XR.Hands.Samples.VisualizerSample' already exists (Assets/Samples/XR Hands/1.7.1/HandVisualizer/Unity.XR.Hands.Samples.VisualizerSample.asmdef)
Assembly with name 'Unity.XR.Hands.Samples.VisualizerSample' already exists (Assets/Samples/XR Hands/1.7.3/HandVisualizer/Unity.XR.Hands.Samples.VisualizerSample.asmdef)
Refreshing native plugins compatible for Editor in 6.64 ms, found 8 plugins.
Native extension for Android target not found
Native extension for WindowsStandalone target not found
Assembly with name 'Unity.XR.Hands.Samples.VisualizerSample' already exists (Assets/Samples/XR Hands/1.7.1/HandVisualizer/Unity.XR.Hands.Samples.VisualizerSample.asmdef)
Assembly with name 'Unity.XR.Hands.Samples.VisualizerSample' already exists (Assets/Samples/XR Hands/1.7.3/HandVisualizer/Unity.XR.Hands.Samples.VisualizerSample.asmdef)
[Package Manager] Failed to launch server process. Reason: Unity was launched with the -noUpm command-line argument
[Package Manager] Unable to send message (not connected to server process).
[Package Manager] Cannot connect to Unity Package Manager local server
ScheduleIndexationOnStartup MainProcess:False IndexOnStartup:True
Mono: successfully reloaded assembly
[Package Manager] Failed to launch server process. Reason: Unity was launched with the -noUpm command-line argument
[Package Manager] Unable to send message (not connected to server process).
[Package Manager] Cannot connect to Unity Package Manager local server
- Finished resetting the current domain, in  0.738 seconds
Domain Reload Profiling: 2390ms
	BeginReloadAssembly (1225ms)
		ExecutionOrderSort (0ms)
		DisableScriptedObjects (5ms)
		BackupInstance (0ms)
		ReleaseScriptingObjects (0ms)
		CreateAndSetChildDomain (1064ms)
	RebuildCommonClasses (31ms)
	RebuildNativeTypeToScriptingClass (12ms)
	initialDomainReloadingComplete (22ms)
	LoadAllAssembliesAndSetupDomain (362ms)
		LoadAssemblies (276ms)
		RebuildTransferFunctionScriptingTraits (0ms)
		AnalyzeDomain (171ms)
			TypeCache.Refresh (6ms)
				TypeCache.ScanAssembly (0ms)
			BuildScriptInfoCaches (148ms)
			ResolveRequiredComponents (13ms)
	FinalizeReload (738ms)
		ReleaseScriptCaches (0ms)
		RebuildScriptCaches (0ms)
		SetupLoadedEditorAssemblies (568ms)
			LogAssemblyErrors (0ms)
			InitializePlatformSupportModulesInManaged (8ms)
			SetLoadedEditorAssemblies (3ms)
			BeforeProcessingInitializeOnLoad (135ms)
			ProcessInitializeOnLoadAttributes (281ms)
			ProcessInitializeOnLoadMethodAttributes (138ms)
			AfterProcessingInitializeOnLoad (3ms)
			EditorAssembliesLoaded (0ms)
		ExecutionOrderSort2 (0ms)
		AwakeInstancesAfterBackupRestoration (15ms)
WARNING: Shader Unsupported: 'Hidden/Simulation/URP/Synthetic' - All subshaders removed
WARNING: Shader Did you use #pragma only_renderers and omit this platform?
WARNING: Shader If subshaders removal was intentional, you may have forgotten turning Fallback off?
WARNING: Shader Unsupported: 'Hidden/Simulation/URP/Synthetic' - All subshaders removed
WARNING: Shader Did you use #pragma only_renderers and omit this platform?
WARNING: Shader If subshaders removal was intentional, you may have forgotten turning Fallback off?
WARNING: Shader Unsupported: 'Hidden/Simulation/Synthetic Lit' - All subshaders removed
WARNING: Shader Did you use #pragma only_renderers and omit this platform?
WARNING: Shader If subshaders removal was intentional, you may have forgotten turning Fallback off?
WARNING: Shader Unsupported: 'Hidden/Simulation/Synthetic Lit' - All subshaders removed
WARNING: Shader Did you use #pragma only_renderers and omit this platform?
WARNING: Shader If subshaders removal was intentional, you may have forgotten turning Fallback off?
WARNING: Shader Unsupported: 'Simulation/Standard Lit' - All subshaders removed
WARNING: Shader Did you use #pragma only_renderers and omit this platform?
WARNING: Shader If subshaders removal was intentional, you may have forgotten turning Fallback off?
WARNING: Shader Unsupported: 'Simulation/Standard Lit' - All subshaders removed
WARNING: Shader Did you use #pragma only_renderers and omit this platform?
WARNING: Shader If subshaders removal was intentional, you may have forgotten turning Fallback off?
WARNING: Shader Unsupported: 'Simulation/URP/Room X-Ray' - All subshaders removed
WARNING: Shader Did you use #pragma only_renderers and omit this platform?
WARNING: Shader If subshaders removal was intentional, you may have forgotten turning Fallback off?
WARNING: Shader Unsupported: 'Simulation/URP/Room X-Ray' - All subshaders removed
WARNING: Shader Did you use #pragma only_renderers and omit this platform?
WARNING: Shader If subshaders removal was intentional, you may have forgotten turning Fallback off?
WARNING: Shader Unsupported: 'Simulation/Room X-Ray' - All subshaders removed
WARNING: Shader Did you use #pragma only_renderers and omit this platform?
WARNING: Shader If subshaders removal was intentional, you may have forgotten turning Fallback off?
WARNING: Shader Unsupported: 'Simulation/Room X-Ray' - All subshaders removed
WARNING: Shader Did you use #pragma only_renderers and omit this platform?
WARNING: Shader If subshaders removal was intentional, you may have forgotten turning Fallback off?
WARNING: Shader Unsupported: 'Simulation/URP/Lit' - All subshaders removed
WARNING: Shader Did you use #pragma only_renderers and omit this platform?
WARNING: Shader If subshaders removal was intentional, you may have forgotten turning Fallback off?
WARNING: Shader Unsupported: 'Simulation/URP/Lit' - All subshaders removed
WARNING: Shader Did you use #pragma only_renderers and omit this platform?
WARNING: Shader If subshaders removal was intentional, you may have forgotten turning Fallback off?
Refreshing native plugins compatible for Editor in 6.86 ms, found 8 plugins.
Preloading 0 native plugins for Editor in 0.00 ms.
Unloading 34 Unused Serialized files (Serialized files now loaded: 0)
Unloading 6514 unused Assets / (10.5 MB). Loaded Objects now: 7411.
Memory consumption went from 201.1 MB to 190.7 MB.
Total: 9.965600 ms (FindLiveObjects: 0.635700 ms CreateObjectMapping: 0.306700 ms MarkObjects: 4.654800 ms  DeleteObjects: 4.367500 ms)

Prepare: number of updated asset objects reloaded= 0
